"submitted_item_id","submitted_problem_id","item_id","in_knapsack","start_pos_x","start_pos_y","pixel_size"
"42231","4005","1","0","751.357","189.899","127.192"
"42232","4005","2","0","824.503","178.808","84.3019"
"42233","4005","3","1","825.373","10.4498","104.001"
"42234","4005","4","0","599.954","339.423","107.867"
"42235","4005","5","1","770.696","108.904","133.8"
"42236","4005","6","1","536.284","368.263","94.6503"
"42237","4005","7","0","703.837","369.698","113.602"
"42238","4005","8","0","668.38","180.809","55.75"
"42239","4005","9","0","756.122","128.877","74.8262"
"42240","4005","10","0","726.707","304.415","65.1011"
"42241","4006","1","0","803.758","291.291","127.192"
"42242","4006","2","1","517.933","85.913","84.3019"
"42243","4006","3","1","798.356","10.1971","104.001"
"42244","4006","4","0","600.343","390.341","107.867"
"42245","4006","5","1","519.871","202.669","133.8"
"42246","4006","6","0","830.078","18.9785","94.6503"
"42247","4006","7","0","762.825","244.089","113.602"
"42248","4006","8","0","730.437","261.506","55.75"
"42249","4006","9","0","824.494","435.983","74.8262"
"42250","4006","10","0","696.628","118.909","65.1011"
"42251","4007","1","0","544.165","283.029","127.192"
"42252","4007","2","0","837.29","74.0389","84.3019"
"42253","4007","3","1","800.071","211.698","104.001"
"42254","4007","4","1","712.593","51.6021","107.867"
"42255","4007","5","0","592.621","40.5181","133.8"
"42256","4007","6","1","750.448","308.514","94.6503"
"42257","4007","7","0","644.219","119.957","113.602"
"42258","4007","8","0","511.132","344.744","55.75"
"42259","4007","9","0","653.195","324.603","74.8262"
"42260","4007","10","1","693.012","144.445","65.1011"
"42261","4008","1","0","733.594","406.767","127.192"
"42262","4008","2","0","680.951","316.59","84.3019"
"42263","4008","3","0","684.752","65.6947","104.001"
"42264","4008","4","1","740.708","360.418","107.867"
"42265","4008","5","1","639.789","230.334","133.8"
"42266","4008","6","1","584.733","333.833","94.6503"
"42267","4008","7","0","627.069","309.544","113.602"
"42268","4008","8","0","789.953","88.8404","55.75"
"42269","4008","9","0","667.027","307.513","74.8262"
"42270","4008","10","0","758.441","249.349","65.1011"
"42271","4009","1","0","683.391","192.157","127.192"
"42272","4009","2","0","623.211","340.487","84.3019"
"42273","4009","3","1","575.72","402.768","104.001"
"42274","4009","4","1","722.597","334.088","107.867"
"42275","4009","5","0","569.277","104.64","133.8"
"42276","4009","6","1","523.978","380.657","94.6503"
"42277","4009","7","0","776.191","215.532","113.602"
"42278","4009","8","0","560.185","175.11","55.75"
"42279","4009","9","0","815.511","262.711","74.8262"
"42280","4009","10","1","553.88","337.2","65.1011"
"42281","4010","1","0","761.683","327.845","127.192"
"42282","4010","2","0","709.575","264.64","84.3019"
"42283","4010","3","1","677.008","267.729","104.001"
"42284","4010","4","0","613.759","219.998","107.867"
"42285","4010","5","1","742.259","242.34","133.8"
"42286","4010","6","1","614.077","177.66","94.6503"
"42287","4010","7","0","565.169","86.7552","113.602"
"42288","4010","8","0","594.525","172.475","55.75"
"42289","4010","9","0","832.635","83.882","74.8262"
"42290","4010","10","0","722.596","113.382","65.1011"
"42291","4011","1","0","681.767","380.384","127.192"
"42292","4011","2","0","688.996","380.401","84.3019"
"42293","4011","3","1","561.689","390.295","104.001"
"42294","4011","4","1","780.482","386.673","107.867"
"42295","4011","5","0","668.887","201.276","133.8"
"42296","4011","6","1","514.074","81.8311","94.6503"
"42297","4011","7","0","808.239","26.7382","113.602"
"42298","4011","8","0","742.891","281.149","55.75"
"42299","4011","9","0","816.587","24.2505","74.8262"
"42300","4011","10","1","598.478","37.0644","65.1011"
"42301","4012","1","0","167.739","192.035","127.192"
"42302","4012","2","1","180.755","193.529","84.3019"
"42303","4012","3","1","341.999","260.024","104.001"
"42304","4012","4","0","309.262","331.96","107.867"
"42305","4012","5","0","108.756","77.0836","133.8"
"42306","4012","6","1","100.603","138.718","94.6503"
"42307","4012","7","0","227.827","225.732","113.602"
"42308","4012","8","0","110.505","247.509","55.75"
"42309","4012","9","1","367.085","403.668","74.8262"
"42310","4012","10","0","378.318","367.921","65.1011"
"42311","4013","1","0","767.706","113.378","127.192"
"42312","4013","2","0","730.965","434.694","84.3019"
"42313","4013","3","1","570.999","29.4196","104.001"
"42314","4013","4","0","587.688","24.6863","107.867"
"42315","4013","5","1","513.861","31.0123","133.8"
"42316","4013","6","1","744.469","27.07","94.6503"
"42317","4013","7","0","662.789","375.927","113.602"
"42318","4013","8","0","659.057","109.109","55.75"
"42319","4013","9","0","764.934","187.721","74.8262"
"42320","4013","10","0","550.469","181.171","65.1011"
"42321","4014","1","0","622.966","18.493","127.192"
"42322","4014","2","1","839.343","197.988","84.3019"
"42323","4014","3","0","510.161","336.664","104.001"
"42324","4014","4","0","604.739","288.84","107.867"
"42325","4014","5","1","619.739","260.619","133.8"
"42326","4014","6","1","816.372","337.015","94.6503"
"42327","4014","7","0","825.139","126.368","113.602"
"42328","4014","8","1","826.895","472.466","55.75"
"42329","4014","9","0","726.516","439.775","74.8262"
"42330","4014","10","0","569.02","25.6024","65.1011"
"42331","4015","1","0","550.629","141.223","127.192"
"42332","4015","2","0","763.58","299.104","84.3019"
"42333","4015","3","1","499.921","415.417","104.001"
"42334","4015","4","1","546.792","213.622","107.867"
"42335","4015","5","0","777.216","204.081","133.8"
"42336","4015","6","1","701.251","53.0466","94.6503"
"42337","4015","7","0","581.03","70.6693","113.602"
"42338","4015","8","0","781.811","111.668","55.75"
"42339","4015","9","0","861.23","62.4217","74.8262"
"42340","4015","10","1","604.821","402.789","65.1011"
"42341","4016","1","0","742.262","278.227","127.192"
"42342","4016","2","1","634.48","201.934","84.3019"
"42343","4016","3","1","654.167","143.135","104.001"
"42344","4016","4","0","672.191","195.897","107.867"
"42345","4016","5","0","788.125","187.502","133.8"
"42346","4016","6","1","567.242","392.119","94.6503"
"42347","4016","7","0","643.823","188.041","113.602"
"42348","4016","8","1","613.324","62.7453","55.75"
"42349","4016","9","0","864.85","335.764","74.8262"
"42350","4016","10","1","605.917","64.5355","65.1011"
"42351","4017","1","0","549.333","189.206","127.192"
"42352","4017","2","1","828.064","336.234","84.3019"
"42353","4017","3","1","518.824","185.87","104.001"
"42354","4017","4","0","618.972","347.398","107.867"
"42355","4017","5","0","697.96","202.557","133.8"
"42356","4017","6","1","693.967","205.641","94.6503"
"42357","4017","7","0","503.862","302.547","113.602"
"42358","4017","8","0","807.429","308.718","55.75"
"42359","4017","9","0","747.825","34.4353","74.8262"
"42360","4017","10","0","731.17","174.679","65.1011"
"42361","4018","1","0","733.38","220.346","127.192"
"42362","4018","2","0","695.128","447.737","84.3019"
"42363","4018","3","1","647.981","185.593","104.001"
"42364","4018","4","1","544.612","266.778","107.867"
"42365","4018","5","0","733.182","197.092","133.8"
"42366","4018","6","1","509.789","297.529","94.6503"
"42367","4018","7","0","758.098","187.656","113.602"
"42368","4018","8","0","583.382","409.323","55.75"
"42369","4018","9","0","627.131","63.364","74.8262"
"42370","4018","10","1","829.335","77.1113","65.1011"
"42371","4019","1","0","589.218","46.0505","127.192"
"42372","4019","2","1","765.459","74.6811","84.3019"
"42373","4019","3","0","502.718","326.157","104.001"
"42374","4019","4","0","551.443","188.872","107.867"
"42375","4019","5","0","612.352","327.211","133.8"
"42376","4019","6","0","690.609","419.822","94.6503"
"42377","4019","7","1","515.61","79.9833","113.602"
"42378","4019","8","1","670.881","236.323","55.75"
"42379","4019","9","1","821.171","221.557","74.8262"
"42380","4019","10","1","660.65","367.259","65.1011"
"42381","4020","1","0","134.447","307.884","127.192"
"42382","4020","2","0","81.2331","329.056","84.3019"
"42383","4020","3","1","322.908","312.482","104.001"
"42384","4020","4","1","185.152","368.033","107.867"
"42385","4020","5","0","99.3395","118.142","133.8"
"42386","4020","6","1","24.534","81.9218","94.6503"
"42387","4020","7","0","321.867","175.874","113.602"
"42388","4020","8","0","376.715","87.74","55.75"
"42389","4020","9","0","368.799","188.829","74.8262"
"42390","4020","10","1","382.683","189.186","65.1011"
"42391","4021","1","0","707.193","370.547","127.192"
"42392","4021","2","0","632.036","61.8139","84.3019"
"42393","4021","3","1","645.253","221.823","104.001"
"42394","4021","4","0","597.292","310.342","107.867"
"42395","4021","5","1","714.887","271.691","133.8"
"42396","4021","6","1","715.656","77.0924","94.6503"
"42397","4021","7","0","815.372","384.921","113.602"
"42398","4021","8","0","570.473","62.836","55.75"
"42399","4021","9","0","621.044","339.526","74.8262"
"42400","4021","10","0","532.969","215.645","65.1011"
"42401","4022","1","0","619.391","122.549","127.192"
"42402","4022","2","1","623.93","328.356","84.3019"
"42403","4022","3","1","769.108","344.934","104.001"
"42404","4022","4","0","523.44","312.872","107.867"
"42405","4022","5","0","606.178","297.229","133.8"
"42406","4022","6","1","840.403","190.759","94.6503"
"42407","4022","7","0","696.631","202.092","113.602"
"42408","4022","8","0","842.327","319.845","55.75"
"42409","4022","9","1","656.541","395.655","74.8262"
"42410","4022","10","0","509.102","111.285","65.1011"
"42411","4023","1","0","610.518","36.9419","127.192"
"42412","4023","2","1","663.719","213.675","84.3019"
"42413","4023","3","1","513.198","267.457","104.001"
"42414","4023","4","1","799.756","353.843","107.867"
"42415","4023","5","0","797.348","81.6701","133.8"
"42416","4023","6","0","627.792","62.2843","94.6503"
"42417","4023","7","0","825.604","261.431","113.602"
"42418","4023","8","0","663.245","478.072","55.75"
"42419","4023","9","1","513.611","67.8792","74.8262"
"42420","4023","10","0","722.535","365.469","65.1011"
"42421","4024","1","1","547.688","74.8574","127.192"
"42422","4024","2","0","514.505","311.121","84.3019"
"42423","4024","3","0","820.116","109.544","104.001"
"42424","4024","4","0","591.316","304.718","107.867"
"42425","4024","5","1","746.238","237.44","133.8"
"42426","4024","6","0","755.471","123.867","94.6503"
"42427","4024","7","0","561.468","83.4736","113.602"
"42428","4024","8","1","517.559","321.862","55.75"
"42429","4024","9","0","725.261","63.3138","74.8262"
"42430","4024","10","0","580.438","304.753","65.1011"
"42431","4025","1","0","278.519","56.2316","127.192"
"42432","4025","2","0","24.1446","181.026","84.3019"
"42433","4025","3","1","200.482","29.7884","104.001"
"42434","4025","4","0","252.183","319.271","107.867"
"42435","4025","5","0","134.723","197.337","133.8"
"42436","4025","6","1","173.078","324.794","94.6503"
"42437","4025","7","1","169.189","207.614","113.602"
"42438","4025","8","1","97.1746","214.198","55.75"
"42439","4025","9","0","220.462","7.41843","74.8262"
"42440","4025","10","0","74.4696","353.562","65.1011"
"42441","4026","1","0","615.122","160.948","127.192"
"42442","4026","2","0","794.552","178.252","84.3019"
"42443","4026","3","1","494.501","382.582","104.001"
"42444","4026","4","1","805.663","133.255","107.867"
"42445","4026","5","0","673.769","167.524","133.8"
"42446","4026","6","1","627.949","92.9303","94.6503"
"42447","4026","7","0","580.307","396.438","113.602"
"42448","4026","8","0","725.462","439.409","55.75"
"42449","4026","9","0","563.141","33.5506","74.8262"
"42450","4026","10","1","591.616","347.263","65.1011"
"42451","4027","1","0","531.658","235.84","127.192"
"42452","4027","2","0","643.312","341.896","84.3019"
"42453","4027","3","1","728.985","125.806","104.001"
"42454","4027","4","1","777.392","293.67","107.867"
"42455","4027","5","0","721.531","45.9386","133.8"
"42456","4027","6","1","783.57","186.797","94.6503"
"42457","4027","7","0","513.25","159.974","113.602"
"42458","4027","8","0","690.819","317.093","55.75"
"42459","4027","9","0","612.726","60.178","74.8262"
"42460","4027","10","1","828.715","123.973","65.1011"
"42461","4028","1","0","699.385","92.8615","127.192"
"42462","4028","2","1","574.031","142.508","84.3019"
"42463","4028","3","1","644.303","62.0746","104.001"
"42464","4028","4","0","510.414","203.344","107.867"
"42465","4028","5","0","583.709","153.145","133.8"
"42466","4028","6","1","788.328","177.792","94.6503"
"42467","4028","7","0","679.517","6.20135","113.602"
"42468","4028","8","0","672.167","394.207","55.75"
"42469","4028","9","1","839.396","380.719","74.8262"
"42470","4028","10","0","570.46","129.357","65.1011"
"42471","4029","1","0","541.003","295.899","127.192"
"42472","4029","2","0","514.306","20.1833","84.3019"
"42473","4029","3","0","565.245","18.1508","104.001"
"42474","4029","4","1","573.162","155.074","107.867"
"42475","4029","5","0","683.887","56.7067","133.8"
"42476","4029","6","1","637.443","364.909","94.6503"
"42477","4029","7","1","825.069","178.429","113.602"
"42478","4029","8","0","807.106","353.274","55.75"
"42479","4029","9","0","684.947","215.089","74.8262"
"42480","4029","10","0","497.406","222.856","65.1011"
"42481","4030","11","1","799.31","411.243","89.669"
"42482","4030","12","1","780.049","69.7514","98.2399"
"42483","4030","13","0","622.429","124.175","116.476"
"42484","4030","14","1","595.934","333.103","133.8"
"42485","4030","15","1","578.305","464.022","73.0742"
"42486","4030","16","0","686.018","139.973","61.4032"
"42487","4030","17","0","501.893","14.4668","57.3912"
"42488","4030","18","0","795.33","413.595","98.0575"
"42489","4030","19","0","682.24","358.173","55.75"
"42490","4030","20","0","713.127","218.259","55.9324"
"42491","4031","11","1","681.544","111.214","89.669"
"42492","4031","12","1","835.118","44.2432","98.2399"
"42493","4031","13","1","655.735","35.1199","116.476"
"42494","4031","14","0","508.069","319.644","133.8"
"42495","4031","15","1","527.823","132.917","73.0742"
"42496","4031","16","1","706.073","360.04","61.4032"
"42497","4031","17","1","623.114","193.802","57.3912"
"42498","4031","18","0","675.713","389.171","98.0575"
"42499","4031","19","1","619.527","426.503","55.75"
"42500","4031","20","1","792.876","319.713","55.9324"
"42501","4032","11","1","607.161","380.181","89.669"
"42502","4032","12","1","671.016","318.226","98.2399"
"42503","4032","13","1","789.121","115.105","116.476"
"42504","4032","14","0","804.003","70.9248","133.8"
"42505","4032","15","1","722.008","71.7268","73.0742"
"42506","4032","16","1","814.753","47.0644","61.4032"
"42507","4032","17","1","625.366","34.9444","57.3912"
"42508","4032","18","0","780.175","344.499","98.0575"
"42509","4032","19","1","729.777","403.276","55.75"
"42510","4032","20","1","565.136","446.015","55.9324"
"42511","4033","11","1","294.921","64.8136","89.669"
"42512","4033","12","1","208.639","264.045","98.2399"
"42513","4033","13","1","263.616","217.679","116.476"
"42514","4033","14","0","65.5475","393.055","133.8"
"42515","4033","15","1","283.124","129.763","73.0742"
"42516","4033","16","1","194.321","108.895","61.4032"
"42517","4033","17","1","180.713","77.3396","57.3912"
"42518","4033","18","0","233.963","346.126","98.0575"
"42519","4033","19","1","42.3232","212.816","55.75"
"42520","4033","20","1","255.332","174.925","55.9324"
"42521","4034","11","1","562.858","198.977","89.669"
"42522","4034","12","0","643.585","427.129","98.2399"
"42523","4034","13","1","543.274","156.214","116.476"
"42524","4034","14","1","512.292","352.212","133.8"
"42525","4034","15","0","579.063","159.512","73.0742"
"42526","4034","16","0","719.44","83.6047","61.4032"
"42527","4034","17","1","827.168","192.538","57.3912"
"42528","4034","18","0","654.652","136.501","98.0575"
"42529","4034","19","0","845.575","422.206","55.75"
"42530","4034","20","0","778.935","403.709","55.9324"
"42531","4035","11","1","270.911","323.376","89.669"
"42532","4035","12","1","283.531","220.699","98.2399"
"42533","4035","13","0","268.557","267.356","116.476"
"42534","4035","14","1","107.276","267.32","133.8"
"42535","4035","15","1","373.91","42.8047","73.0742"
"42536","4035","16","0","36.2493","298.733","61.4032"
"42537","4035","17","0","171.224","243.094","57.3912"
"42538","4035","18","0","69.3147","203.9","98.0575"
"42539","4035","19","1","215.679","70.8946","55.75"
"42540","4035","20","0","330.541","190.464","55.9324"
"42541","4036","11","1","600.084","100.74","89.669"
"42542","4036","12","0","653.278","209.681","98.2399"
"42543","4036","13","1","516.821","208.301","116.476"
"42544","4036","14","1","689.201","328.658","133.8"
"42545","4036","15","0","834.017","286.201","73.0742"
"42546","4036","16","0","607.963","269.579","61.4032"
"42547","4036","17","0","601.549","368.921","57.3912"
"42548","4036","18","0","751.811","338.163","98.0575"
"42549","4036","19","1","748.002","143.325","55.75"
"42550","4036","20","1","753.32","126.413","55.9324"
"42551","4037","11","1","624.873","20.0743","89.669"
"42552","4037","12","0","509.193","34.4907","98.2399"
"42553","4037","13","1","544.789","292.94","116.476"
"42554","4037","14","1","691.386","276.863","133.8"
"42555","4037","15","0","825.897","101.352","73.0742"
"42556","4037","16","0","816.289","456.47","61.4032"
"42557","4037","17","0","619.177","142.904","57.3912"
"42558","4037","18","0","661.564","308.875","98.0575"
"42559","4037","19","1","704.547","270.737","55.75"
"42560","4037","20","1","864.892","65.1564","55.9324"
"42561","4038","11","1","562.858","198.977","89.669"
"42562","4038","12","0","643.585","427.129","98.2399"
"42563","4038","13","1","543.274","156.214","116.476"
"42564","4038","14","1","512.292","352.212","133.8"
"42565","4038","15","0","579.063","159.512","73.0742"
"42566","4038","16","0","719.44","83.6047","61.4032"
"42567","4038","17","1","827.168","192.538","57.3912"
"42568","4038","18","0","654.652","136.501","98.0575"
"42569","4038","19","0","845.575","422.206","55.75"
"42570","4038","20","0","778.935","403.709","55.9324"
"42571","4039","11","1","555.277","272.787","89.669"
"42572","4039","12","0","595.63","10.5156","98.2399"
"42573","4039","13","1","760.145","407.9","116.476"
"42574","4039","14","1","519.564","237.475","133.8"
"42575","4039","15","0","845.735","418.363","73.0742"
"42576","4039","16","0","603.332","148.426","61.4032"
"42577","4039","17","0","631.867","195.029","57.3912"
"42578","4039","18","0","514.675","245.721","98.0575"
"42579","4039","19","1","601.714","25.0485","55.75"
"42580","4039","20","1","494.935","104.51","55.9324"
"42581","4040","11","1","548.058","331.589","89.669"
"42582","4040","12","1","529.647","325.227","98.2399"
"42583","4040","13","0","516.85","361.169","116.476"
"42584","4040","14","1","686.688","344.512","133.8"
"42585","4040","15","0","657.857","280.28","73.0742"
"42586","4040","16","0","521.857","381.087","61.4032"
"42587","4040","17","0","617.417","301.587","57.3912"
"42588","4040","18","0","569.654","212.498","98.0575"
"42589","4040","19","0","659.256","114.374","55.75"
"42590","4040","20","0","505.048","373.552","55.9324"
"42591","4041","11","1","795.732","387.08","89.669"
"42592","4041","12","0","838.724","81.9737","98.2399"
"42593","4041","13","1","719.298","287.074","116.476"
"42594","4041","14","1","526.349","392.476","133.8"
"42595","4041","15","0","612.795","363.813","73.0742"
"42596","4041","16","0","726.298","93.6207","61.4032"
"42597","4041","17","0","843.013","371.559","57.3912"
"42598","4041","18","0","673.016","196.335","98.0575"
"42599","4041","19","1","640.779","375.461","55.75"
"42600","4041","20","1","551.778","388.031","55.9324"
"42601","4042","11","1","737.892","436.95","89.669"
"42602","4042","12","1","664.759","170.872","98.2399"
"42603","4042","13","0","701.301","11.9342","116.476"
"42604","4042","14","1","619.619","201.305","133.8"
"42605","4042","15","1","563.809","316.927","73.0742"
"42606","4042","16","0","795.501","195.983","61.4032"
"42607","4042","17","0","651.943","141.07","57.3912"
"42608","4042","18","0","657.281","51.9669","98.0575"
"42609","4042","19","0","619.21","99.498","55.75"
"42610","4042","20","0","587.259","468.394","55.9324"
"42611","4043","11","1","497.013","325.641","89.669"
"42612","4043","12","0","611.281","298.631","98.2399"
"42613","4043","13","1","754.577","27.4533","116.476"
"42614","4043","14","1","519.344","352.788","133.8"
"42615","4043","15","0","732.321","372.438","73.0742"
"42616","4043","16","0","827.427","336.5","61.4032"
"42617","4043","17","0","812.773","155.783","57.3912"
"42618","4043","18","0","818.002","214.925","98.0575"
"42619","4043","19","1","691.114","222.966","55.75"
"42620","4043","20","1","498.699","447.162","55.9324"
"42621","4044","11","1","722.39","118.896","89.669"
"42622","4044","12","1","748.298","178.839","98.2399"
"42623","4044","13","1","540.066","302.912","116.476"
"42624","4044","14","0","650.881","190.028","133.8"
"42625","4044","15","1","832.867","314.456","73.0742"
"42626","4044","16","1","679.226","40.0539","61.4032"
"42627","4044","17","1","812.794","94.4041","57.3912"
"42628","4044","18","0","735.1","263.01","98.0575"
"42629","4044","19","1","836.766","227.548","55.75"
"42630","4044","20","1","823.756","325.974","55.9324"
"42631","4045","11","1","704.647","71.8042","89.669"
"42632","4045","12","1","569.291","273.369","98.2399"
"42633","4045","13","0","499.48","132.254","116.476"
"42634","4045","14","1","566.414","338.069","133.8"
"42635","4045","15","1","679.474","177.555","73.0742"
"42636","4045","16","0","722.344","457.975","61.4032"
"42637","4045","17","0","761.156","277.363","57.3912"
"42638","4045","18","0","702.064","388.195","98.0575"
"42639","4045","19","0","559.294","446.131","55.75"
"42640","4045","20","1","742.395","296.484","55.9324"
"42641","4046","11","1","828.684","131.971","89.669"
"42642","4046","12","0","717.701","85.7251","98.2399"
"42643","4046","13","1","599.286","51.554","116.476"
"42644","4046","14","1","796.339","248.748","133.8"
"42645","4046","15","0","501.461","311.286","73.0742"
"42646","4046","16","0","832.801","46.2086","61.4032"
"42647","4046","17","0","750.965","232.28","57.3912"
"42648","4046","18","0","798.469","247.672","98.0575"
"42649","4046","19","1","572.923","431.928","55.75"
"42650","4046","20","1","692.044","304.037","55.9324"
"42651","4047","11","1","675.292","62.7615","89.669"
"42652","4047","12","0","759.083","194.849","98.2399"
"42653","4047","13","1","504.051","400.113","116.476"
"42654","4047","14","1","771.188","400.674","133.8"
"42655","4047","15","0","725.743","138.915","73.0742"
"42656","4047","16","0","857.528","207.173","61.4032"
"42657","4047","17","0","618.104","22.1103","57.3912"
"42658","4047","18","0","746.717","67.7265","98.0575"
"42659","4047","19","1","545.75","336.442","55.75"
"42660","4047","20","1","824.156","56.4815","55.9324"
"42661","4048","11","1","608.42","215.166","89.669"
"42662","4048","12","1","567.637","23.0547","98.2399"
"42663","4048","13","0","521.067","241.356","116.476"
"42664","4048","14","1","525.526","245.323","133.8"
"42665","4048","15","1","844.734","168.732","73.0742"
"42666","4048","16","0","585.047","139.945","61.4032"
"42667","4048","17","0","564.903","220.555","57.3912"
"42668","4048","18","0","591.199","236.45","98.0575"
"42669","4048","19","1","788.681","332.114","55.75"
"42670","4048","20","0","846.232","58.7174","55.9324"
"42671","4049","11","1","644.241","238.387","89.669"
"42672","4049","12","0","552.577","142.946","98.2399"
"42673","4049","13","1","811.731","68.6578","116.476"
"42674","4049","14","1","568.034","125.264","133.8"
"42675","4049","15","0","644.199","123.042","73.0742"
"42676","4049","16","0","679.595","191.022","61.4032"
"42677","4049","17","1","851.469","233.839","57.3912"
"42678","4049","18","0","694.547","271.263","98.0575"
"42679","4049","19","0","790.005","93.9982","55.75"
"42680","4049","20","0","792.453","312.405","55.9324"
"42681","4050","11","1","704.647","71.8042","89.669"
"42682","4050","12","1","569.291","273.369","98.2399"
"42683","4050","13","1","499.48","132.254","116.476"
"42684","4050","14","0","566.414","338.069","133.8"
"42685","4050","15","1","679.474","177.555","73.0742"
"42686","4050","16","1","722.344","457.975","61.4032"
"42687","4050","17","1","761.156","277.363","57.3912"
"42688","4050","18","0","702.064","388.195","98.0575"
"42689","4050","19","1","559.294","446.131","55.75"
"42690","4050","20","1","742.395","296.484","55.9324"
"42691","4051","11","1","529.13","164.653","89.669"
"42692","4051","12","1","564.297","244.266","98.2399"
"42693","4051","13","1","802.658","398.73","116.476"
"42694","4051","14","0","501.611","144.951","133.8"
"42695","4051","15","1","623.644","88.938","73.0742"
"42696","4051","16","1","857.834","289.081","61.4032"
"42697","4051","17","1","723.91","52.5982","57.3912"
"42698","4051","18","0","733.079","351.044","98.0575"
"42699","4051","19","1","564.297","45.7575","55.75"
"42700","4051","20","1","839.592","218.384","55.9324"
"42701","4052","11","1","806.482","77.3545","89.669"
"42702","4052","12","1","515.011","52.7275","98.2399"
"42703","4052","13","1","537.221","77.2423","116.476"
"42704","4052","14","0","745.324","353.844","133.8"
"42705","4052","15","1","855.419","250.758","73.0742"
"42706","4052","16","1","625.726","179.329","61.4032"
"42707","4052","17","1","609.568","198.155","57.3912"
"42708","4052","18","0","577.935","125.965","98.0575"
"42709","4052","19","1","508.386","367.71","55.75"
"42710","4052","20","1","815.268","136.78","55.9324"
"42711","4053","21","1","613.572","390.524","87.6166"
"42712","4053","22","0","606.157","136.77","94.5441"
"42713","4053","23","0","807.621","285.643","63.6012"
"42714","4053","24","0","807.621","285.643","63.6012"
"42715","4053","25","1","653.583","254.76","58.521"
"42716","4053","26","1","647.431","478.739","55.75"
"42717","4053","27","1","810.574","412.966","113.018"
"42718","4053","28","1","810.574","412.966","113.018"
"42719","4053","29","0","528.724","310.235","133.8"
"42720","4053","30","1","785.336","265.563","113.018"
"42721","4053","31","0","683.757","113.78","129.182"
"42722","4053","32","0","526.364","121.369","61.292"
"42723","4054","21","0","548.78","50.3754","87.6166"
"42724","4054","22","0","790.402","21.5511","94.5441"
"42725","4054","23","0","811.877","64.4131","63.6012"
"42726","4054","24","0","811.877","64.4131","63.6012"
"42727","4054","25","1","576.488","33.1907","58.521"
"42728","4054","26","0","871.262","325.066","55.75"
"42729","4054","27","1","525.339","248.347","113.018"
"42730","4054","28","1","525.339","248.347","113.018"
"42731","4054","29","1","803.712","74.142","133.8"
"42732","4054","30","1","637.754","220.115","113.018"
"42733","4054","31","0","619.271","175.994","129.182"
"42734","4054","32","0","778.49","428.489","61.292"
"42735","4055","21","0","591.651","110.926","87.6166"
"42736","4055","22","0","628.148","32.4264","94.5441"
"42737","4055","23","0","498.426","226.172","63.6012"
"42738","4055","24","0","498.426","226.172","63.6012"
"42739","4055","25","1","795.032","24.3443","58.521"
"42740","4055","26","0","867.608","75.1691","55.75"
"42741","4055","27","1","822.846","226.765","113.018"
"42742","4055","28","1","822.846","226.765","113.018"
"42743","4055","29","1","718.772","262.988","133.8"
"42744","4055","30","1","538.711","414.619","113.018"
"42745","4055","31","0","521.572","157.333","129.182"
"42746","4055","32","0","612.074","330.138","61.292"
"42747","4056","21","0","639.283","348.109","87.6166"
"42748","4056","22","0","808.012","350.05","94.5441"
"42749","4056","23","0","661.797","404.49","63.6012"
"42750","4056","24","1","661.797","404.49","63.6012"
"42751","4056","25","1","676.973","456.487","58.521"
"42752","4056","26","1","841.219","180.279","55.75"
"42753","4056","27","1","696.236","152.558","113.018"
"42754","4056","28","1","696.236","152.558","113.018"
"42755","4056","29","1","621.724","383.205","133.8"
"42756","4056","30","0","701.067","34.4404","113.018"
"42757","4056","31","0","559.406","78.2133","129.182"
"42758","4056","32","0","534.573","35.477","61.292"
"42759","4057","21","0","36.582","296.284","87.6166"
"42760","4057","22","0","76.5475","334.62","94.5441"
"42761","4057","23","0","200.362","14.0876","63.6012"
"42762","4057","24","0","200.362","14.0876","63.6012"
"42763","4057","25","0","139.493","461.986","58.521"
"42764","4057","26","0","257.164","183.534","55.75"
"42765","4057","27","0","37.1549","425.487","113.018"
"42766","4057","28","1","37.1549","425.487","113.018"
"42767","4057","29","1","262.796","282.371","133.8"
"42768","4057","30","1","247.355","132.081","113.018"
"42769","4057","31","1","238.716","151.574","129.182"
"42770","4057","32","0","171.994","449.118","61.292"
"42771","4058","21","0","788.191","376.905","87.6166"
"42772","4058","22","0","795.17","285.526","94.5441"
"42773","4058","23","0","791.555","167.256","63.6012"
"42774","4058","24","0","791.555","167.256","63.6012"
"42775","4058","25","0","547.288","202.908","58.521"
"42776","4058","26","0","553.653","482.062","55.75"
"42777","4058","27","1","618.323","107.559","113.018"
"42778","4058","28","1","618.323","107.559","113.018"
"42779","4058","29","1","581.733","178.12","133.8"
"42780","4058","30","0","758.795","375.723","113.018"
"42781","4058","31","1","745.819","185.834","129.182"
"42782","4058","32","0","795.915","307.723","61.292"
"42783","4059","21","0","720.251","383.52","87.6166"
"42784","4059","22","0","563.557","309.555","94.5441"
"42785","4059","23","0","665.275","61.8183","63.6012"
"42786","4059","24","0","665.275","61.8183","63.6012"
"42787","4059","25","1","800.135","19.6998","58.521"
"42788","4059","26","0","746.775","447.327","55.75"
"42789","4059","27","1","620.797","217.503","113.018"
"42790","4059","28","1","620.797","217.503","113.018"
"42791","4059","29","1","799.724","365.508","133.8"
"42792","4059","30","1","623.952","82.8546","113.018"
"42793","4059","31","0","756.834","128.882","129.182"
"42794","4059","32","0","658.535","74.3649","61.292"
"42795","4060","21","1","817.316","214.442","87.6166"
"42796","4060","22","0","557.829","351.189","94.5441"
"42797","4060","23","0","545.617","65.4566","63.6012"
"42798","4060","24","0","545.617","65.4566","63.6012"
"42799","4060","25","1","806.706","42.0857","58.521"
"42800","4060","26","1","807.729","115.234","55.75"
"42801","4060","27","1","578.146","61.7407","113.018"
"42802","4060","28","1","578.146","61.7407","113.018"
"42803","4060","29","0","802.093","56.0091","133.8"
"42804","4060","30","1","513.439","116.204","113.018"
"42805","4060","31","0","658.131","90.0299","129.182"
"42806","4060","32","0","692.645","289.559","61.292"
"42807","4061","21","0","744.159","286.668","87.6166"
"42808","4061","22","0","709.845","441.153","94.5441"
"42809","4061","23","0","570.559","474.512","63.6012"
"42810","4061","24","0","570.559","474.512","63.6012"
"42811","4061","25","1","496.586","61.5391","58.521"
"42812","4061","26","0","630.999","350.493","55.75"
"42813","4061","27","1","760.421","166.526","113.018"
"42814","4061","28","1","760.421","166.526","113.018"
"42815","4061","29","1","645.66","353.062","133.8"
"42816","4061","30","1","571.836","51.7128","113.018"
"42817","4061","31","0","798.211","312.921","129.182"
"42818","4061","32","0","745.994","402.845","61.292"
"42819","4062","21","0","506.883","140.353","87.6166"
"42820","4062","22","0","578.202","302.292","94.5441"
"42821","4062","23","0","864.947","44.6039","63.6012"
"42822","4062","24","0","864.947","44.6039","63.6012"
"42823","4062","25","1","716.214","391.676","58.521"
"42824","4062","26","0","509.484","439.595","55.75"
"42825","4062","27","1","800.321","317.193","113.018"
"42826","4062","28","1","800.321","317.193","113.018"
"42827","4062","29","1","737.131","234.488","133.8"
"42828","4062","30","1","774.571","63.6249","113.018"
"42829","4062","31","0","583.014","206.745","129.182"
"42830","4062","32","0","688.497","439.063","61.292"
"42831","4063","21","0","804.266","71.0087","87.6166"
"42832","4063","22","0","649.65","404.609","94.5441"
"42833","4063","23","0","656.719","145.341","63.6012"
"42834","4063","24","0","656.719","145.341","63.6012"
"42835","4063","25","1","530.408","137.123","58.521"
"42836","4063","26","0","652.539","279.156","55.75"
"42837","4063","27","1","524.884","216.835","113.018"
"42838","4063","28","1","524.884","216.835","113.018"
"42839","4063","29","1","561.056","258.781","133.8"
"42840","4063","30","1","729.825","173.779","113.018"
"42841","4063","31","0","655.067","78.6193","129.182"
"42842","4063","32","0","762.344","216.908","61.292"
"42843","4064","21","0","847.207","196.258","87.6166"
"42844","4064","22","0","691.691","263.252","94.5441"
"42845","4064","23","0","666.267","335.234","63.6012"
"42846","4064","24","0","666.267","335.234","63.6012"
"42847","4064","25","1","550.823","51.9942","58.521"
"42848","4064","26","0","808.136","438.893","55.75"
"42849","4064","27","1","786.057","221.489","113.018"
"42850","4064","28","1","786.057","221.489","113.018"
"42851","4064","29","1","580.173","385.501","133.8"
"42852","4064","30","1","606.225","419.971","113.018"
"42853","4064","31","0","559.051","322.25","129.182"
"42854","4064","32","0","519.517","213.866","61.292"
"42855","4065","21","0","611.148","371.878","87.6166"
"42856","4065","22","0","713.418","188.234","94.5441"
"42857","4065","23","0","536.178","192.937","63.6012"
"42858","4065","24","0","536.178","192.937","63.6012"
"42859","4065","25","1","507.393","455.99","58.521"
"42860","4065","26","0","649.21","62.104","55.75"
"42861","4065","27","1","578.391","345.715","113.018"
"42862","4065","28","1","578.391","345.715","113.018"
"42863","4065","29","1","679.636","151.345","133.8"
"42864","4065","30","1","815.248","280.525","113.018"
"42865","4065","31","0","512.468","208.184","129.182"
"42866","4065","32","0","616.032","418.654","61.292"
"42867","4066","21","0","823.04","63.4825","87.6166"
"42868","4066","22","0","614.316","129.236","94.5441"
"42869","4066","23","0","862.273","420.524","63.6012"
"42870","4066","24","0","862.273","420.524","63.6012"
"42871","4066","25","1","509.194","105.123","58.521"
"42872","4066","26","0","596.684","273.349","55.75"
"42873","4066","27","1","773.955","390.488","113.018"
"42874","4066","28","1","773.955","390.488","113.018"
"42875","4066","29","1","532.545","34.5765","133.8"
"42876","4066","30","1","515.886","66.0538","113.018"
"42877","4066","31","0","764.893","402.373","129.182"
"42878","4066","32","0","680.611","341.928","61.292"
"42879","4067","21","0","782.801","435.263","87.6166"
"42880","4067","22","0","835.427","244.028","94.5441"
"42881","4067","23","0","777.384","332.703","63.6012"
"42882","4067","24","0","777.384","332.703","63.6012"
"42883","4067","25","1","507.775","417.005","58.521"
"42884","4067","26","0","732.607","87.5801","55.75"
"42885","4067","27","1","685.099","110.868","113.018"
"42886","4067","28","1","685.099","110.868","113.018"
"42887","4067","29","1","747.417","247.184","133.8"
"42888","4067","30","1","661.917","200.109","113.018"
"42889","4067","31","0","710.887","163.417","129.182"
"42890","4067","32","0","698.233","289.244","61.292"
"42891","4068","21","0","205.908","316.417","87.6166"
"42892","4068","22","0","236.65","308.677","94.5441"
"42893","4068","23","0","397.392","12.1849","63.6012"
"42894","4068","24","0","397.392","12.1849","63.6012"
"42895","4068","25","1","174.457","70.7054","58.521"
"42896","4068","26","0","295.446","350.188","55.75"
"42897","4068","27","1","65.8828","70.7729","113.018"
"42898","4068","28","1","65.8828","70.7729","113.018"
"42899","4068","29","1","221.192","392.632","133.8"
"42900","4068","30","1","337.653","156.362","113.018"
"42901","4068","31","0","99.4136","358.613","129.182"
"42902","4068","32","0","260.681","404.35","61.292"
"42903","4069","21","0","738.324","244.563","87.6166"
"42904","4069","22","0","691.958","223.1","94.5441"
"42905","4069","23","0","629.412","202.303","63.6012"
"42906","4069","24","0","629.412","202.303","63.6012"
"42907","4069","25","1","830.385","410.927","58.521"
"42908","4069","26","0","664.31","43.0864","55.75"
"42909","4069","27","1","563.23","167.8","113.018"
"42910","4069","28","1","563.23","167.8","113.018"
"42911","4069","29","1","658.54","322.474","133.8"
"42912","4069","30","1","786.994","153.67","113.018"
"42913","4069","31","0","742.325","277.755","129.182"
"42914","4069","32","0","551.463","113.162","61.292"
"42915","4070","21","0","740.589","233.958","87.6166"
"42916","4070","22","0","733.603","417.668","94.5441"
"42917","4070","23","0","834.657","435.553","63.6012"
"42918","4070","24","0","834.657","435.553","63.6012"
"42919","4070","25","1","529.095","98.2711","58.521"
"42920","4070","26","0","565.489","116.262","55.75"
"42921","4070","27","1","566.932","210.717","113.018"
"42922","4070","28","1","566.932","210.717","113.018"
"42923","4070","29","1","703.356","12.3405","133.8"
"42924","4070","30","1","545.788","238.426","113.018"
"42925","4070","31","0","741.326","38.7294","129.182"
"42926","4070","32","0","805.602","195.43","61.292"
"42927","4071","21","0","525.058","65.9655","87.6166"
"42928","4071","22","0","842.022","395.881","94.5441"
"42929","4071","23","0","831.488","295.656","63.6012"
"42930","4071","24","0","831.488","295.656","63.6012"
"42931","4071","25","1","732.817","471.995","58.521"
"42932","4071","26","0","722.136","171.681","55.75"
"42933","4071","27","1","698.76","413.868","113.018"
"42934","4071","28","1","698.76","413.868","113.018"
"42935","4071","29","1","694.469","283.475","133.8"
"42936","4071","30","1","541.633","233.998","113.018"
"42937","4071","31","0","657.497","237.79","129.182"
"42938","4071","32","0","634.048","301.793","61.292"
"42939","4072","21","1","563.755","125.221","87.6166"
"42940","4072","22","0","753.08","44.3252","94.5441"
"42941","4072","23","0","647.518","362.021","63.6012"
"42942","4072","24","0","647.518","362.021","63.6012"
"42943","4072","25","1","611.474","46.7034","58.521"
"42944","4072","26","1","564.784","103.907","55.75"
"42945","4072","27","1","782.489","31.6373","113.018"
"42946","4072","28","1","782.489","31.6373","113.018"
"42947","4072","29","0","515.165","159.595","133.8"
"42948","4072","30","1","498.099","87.3716","113.018"
"42949","4072","31","0","776.905","205.231","129.182"
"42950","4072","32","0","706.155","148.482","61.292"
"42951","4073","21","0","682.222","307.69","87.6166"
"42952","4073","22","0","828.626","122.282","94.5441"
"42953","4073","23","0","580.522","159.881","63.6012"
"42954","4073","24","0","580.522","159.881","63.6012"
"42955","4073","25","0","581.309","352.942","58.521"
"42956","4073","26","1","513.282","448.374","55.75"
"42957","4073","27","1","653.182","322.611","113.018"
"42958","4073","28","1","653.182","322.611","113.018"
"42959","4073","29","1","711.952","287.492","133.8"
"42960","4073","30","1","677.787","204.606","113.018"
"42961","4073","31","0","555.927","320.071","129.182"
"42962","4073","32","0","616.77","145.721","61.292"
"42963","4074","21","0","596.37","136.369","87.6166"
"42964","4074","22","0","603.422","397.814","94.5441"
"42965","4074","23","0","855.798","18.7244","63.6012"
"42966","4074","24","0","855.798","18.7244","63.6012"
"42967","4074","25","1","688.243","208.326","58.521"
"42968","4074","26","0","613.35","343.4","55.75"
"42969","4074","27","1","532.849","300.021","113.018"
"42970","4074","28","1","532.849","300.021","113.018"
"42971","4074","29","1","636.56","50.9873","133.8"
"42972","4074","30","1","781.821","384.914","113.018"
"42973","4074","31","0","656.635","214.363","129.182"
"42974","4074","32","0","586.129","422.279","61.292"
"42975","4075","21","0","563.755","125.221","87.6166"
"42976","4075","22","0","753.08","44.3252","94.5441"
"42977","4075","23","0","647.518","362.021","63.6012"
"42978","4075","24","0","647.518","362.021","63.6012"
"42979","4075","25","1","611.474","46.7034","58.521"
"42980","4075","26","0","564.784","103.907","55.75"
"42981","4075","27","1","782.489","31.6373","113.018"
"42982","4075","28","1","782.489","31.6373","113.018"
"42983","4075","29","1","515.165","159.595","133.8"
"42984","4075","30","1","498.099","87.3716","113.018"
"42985","4075","31","0","776.905","205.231","129.182"
"42986","4075","32","0","706.155","148.482","61.292"
"42987","4076","21","1","782.801","435.263","87.6166"
"42988","4076","22","0","835.427","244.028","94.5441"
"42989","4076","23","0","777.384","332.703","63.6012"
"42990","4076","24","0","777.384","332.703","63.6012"
"42991","4076","25","1","507.775","417.005","58.521"
"42992","4076","26","1","732.607","87.5801","55.75"
"42993","4076","27","1","685.099","110.868","113.018"
"42994","4076","28","1","685.099","110.868","113.018"
"42995","4076","29","0","747.417","247.184","133.8"
"42996","4076","30","1","661.917","200.109","113.018"
"42997","4076","31","0","710.887","163.417","129.182"
"42998","4076","32","0","698.233","289.244","61.292"
"42999","4077","33","1","839.224","465.589","56.1533"
"43000","4077","34","0","789.147","160.113","133.8"
"43001","4077","35","0","675.78","304.468","121.699"
"43002","4077","36","1","809.548","11.6962","55.75"
"43003","4077","37","1","585.865","41.193","73.2961"
"43004","4077","38","1","540.654","177.909","104.556"
"43005","4077","39","1","716.425","76.7014","61.9012"
"43006","4077","40","1","529.144","390.876","69.2626"
"43007","4077","41","0","678.085","163.48","94.9767"
"43008","4077","42","1","775.174","428.807","87.4137"
"43009","4078","33","1","876.785","431.534","56.1533"
"43010","4078","34","0","691.231","151.562","133.8"
"43011","4078","35","0","807.61","181.014","121.699"
"43012","4078","36","1","724.701","77.4316","55.75"
"43013","4078","37","1","747.735","359.319","73.2961"
"43014","4078","38","0","571.787","279.092","104.556"
"43015","4078","39","1","674.07","395.182","61.9012"
"43016","4078","40","1","808.12","306.157","69.2626"
"43017","4078","41","1","748.189","208.751","94.9767"
"43018","4078","42","1","757.296","407.159","87.4137"
"43019","4079","33","1","870.615","61.1127","56.1533"
"43020","4079","34","0","657.761","176.665","133.8"
"43021","4079","35","0","814.698","338.527","121.699"
"43022","4079","36","1","530.064","157.803","55.75"
"43023","4079","37","1","798.505","106.763","73.2961"
"43024","4079","38","0","787.355","245.514","104.556"
"43025","4079","39","1","541.482","306.69","61.9012"
"43026","4079","40","1","865.332","266.672","69.2626"
"43027","4079","41","1","517.38","8.90057","94.9767"
"43028","4079","42","1","578.645","8.01166","87.4137"
"43029","4080","33","1","698.256","394.224","56.1533"
"43030","4080","34","0","548.809","28.9928","133.8"
"43031","4080","35","0","652.906","34.5281","121.699"
"43032","4080","36","1","642.113","181.371","55.75"
"43033","4080","37","1","763.428","342.984","73.2961"
"43034","4080","38","0","760.568","90.9871","104.556"
"43035","4080","39","1","537.387","223.237","61.9012"
"43036","4080","40","1","539.893","243.773","69.2626"
"43037","4080","41","1","570.718","344.567","94.9767"
"43038","4080","42","1","850.312","442.858","87.4137"
"43039","4081","33","1","530.768","289.814","56.1533"
"43040","4081","34","0","522.306","301.543","133.8"
"43041","4081","35","0","661.37","405.803","121.699"
"43042","4081","36","1","580.398","368.089","55.75"
"43043","4081","37","1","766.07","125.198","73.2961"
"43044","4081","38","0","608.369","274.072","104.556"
"43045","4081","39","1","706.039","430.822","61.9012"
"43046","4081","40","1","825.031","187.186","69.2626"
"43047","4081","41","1","669.302","43.5628","94.9767"
"43048","4081","42","1","757.528","12.9079","87.4137"
"43049","4082","33","1","620.143","212.671","56.1533"
"43050","4082","34","0","524.464","231.686","133.8"
"43051","4082","35","0","799.881","103.323","121.699"
"43052","4082","36","1","811.759","389.933","55.75"
"43053","4082","37","1","836.053","188.224","73.2961"
"43054","4082","38","0","527.17","94.4833","104.556"
"43055","4082","39","1","562.746","39.9967","61.9012"
"43056","4082","40","1","602.056","139.424","69.2626"
"43057","4082","41","1","654.262","146.948","94.9767"
"43058","4082","42","1","655.562","349.042","87.4137"
"43059","4083","33","1","508.449","146.282","56.1533"
"43060","4083","34","0","522.926","264.826","133.8"
"43061","4083","35","0","503.911","320.033","121.699"
"43062","4083","36","1","499.968","26.1764","55.75"
"43063","4083","37","1","590.771","122.488","73.2961"
"43064","4083","38","0","810.241","132.429","104.556"
"43065","4083","39","1","779.603","437.862","61.9012"
"43066","4083","40","1","801.913","298.515","69.2626"
"43067","4083","41","1","811.105","145.743","94.9767"
"43068","4083","42","1","710.446","67.331","87.4137"
"43069","4084","33","1","213.436","461.526","56.1533"
"43070","4084","34","0","97.4927","302.779","133.8"
"43071","4084","35","0","51.4767","404.579","121.699"
"43072","4084","36","1","51.1145","379.251","55.75"
"43073","4084","37","1","251.236","39.8193","73.2961"
"43074","4084","38","0","201.191","250.712","104.556"
"43075","4084","39","1","237.777","268.603","61.9012"
"43076","4084","40","1","94.9539","280.186","69.2626"
"43077","4084","41","1","105.415","244.997","94.9767"
"43078","4084","42","1","295.05","125","87.4137"
"43079","4085","33","1","846.803","380.895","56.1533"
"43080","4085","34","0","511.889","281.455","133.8"
"43081","4085","35","0","496.171","130.411","121.699"
"43082","4085","36","1","644.794","279.957","55.75"
"43083","4085","37","1","582.451","232.716","73.2961"
"43084","4085","38","0","724.619","360.299","104.556"
"43085","4085","39","1","605.056","460.482","61.9012"
"43086","4085","40","1","722.264","19.6036","69.2626"
"43087","4085","41","1","837.619","147.759","94.9767"
"43088","4085","42","1","682.251","58.8093","87.4137"
"43089","4086","33","1","823.39","206.562","56.1533"
"43090","4086","34","0","552.462","294.553","133.8"
"43091","4086","35","0","630.377","35.5106","121.699"
"43092","4086","36","1","535.572","347.758","55.75"
"43093","4086","37","1","698.49","245.431","73.2961"
"43094","4086","38","0","531.799","240.6","104.556"
"43095","4086","39","1","832.086","451.708","61.9012"
"43096","4086","40","1","757.967","38.6567","69.2626"
"43097","4086","41","1","589.744","214.51","94.9767"
"43098","4086","42","1","800.472","259.299","87.4137"
"43099","4087","33","1","573.181","471.897","56.1533"
"43100","4087","34","0","686.832","77.6513","133.8"
"43101","4087","35","0","756.388","323.535","121.699"
"43102","4087","36","1","612.477","131.797","55.75"
"43103","4087","37","1","728.239","48.0127","73.2961"
"43104","4087","38","0","737.104","57.7604","104.556"
"43105","4087","39","1","627.105","104.165","61.9012"
"43106","4087","40","1","851.319","446.981","69.2626"
"43107","4087","41","1","643.574","373.71","94.9767"
"43108","4087","42","1","591.465","260.557","87.4137"
"43109","4088","33","1","197.142","453.961","56.1533"
"43110","4088","34","0","167.65","233.64","133.8"
"43111","4088","35","0","209.616","6.12222","121.699"
"43112","4088","36","1","170.623","307.566","55.75"
"43113","4088","37","1","351.009","314.117","73.2961"
"43114","4088","38","0","33.6022","290.009","104.556"
"43115","4088","39","1","49.4206","380.997","61.9012"
"43116","4088","40","1","353.629","230.89","69.2626"
"43117","4088","41","1","250.989","383.156","94.9767"
"43118","4088","42","1","275.204","397.589","87.4137"
"43119","4089","33","1","868.083","401.931","56.1533"
"43120","4089","34","0","595.642","216.295","133.8"
"43121","4089","35","1","552.148","154.732","121.699"
"43122","4089","36","0","501.645","230.199","55.75"
"43123","4089","37","0","603.554","270.768","73.2961"
"43124","4089","38","0","833.449","130.747","104.556"
"43125","4089","39","1","597.632","228.702","61.9012"
"43126","4089","40","1","504.029","88.7943","69.2626"
"43127","4089","41","1","700.201","319.803","94.9767"
"43128","4089","42","0","541.197","352.53","87.4137"
"43129","4090","33","1","752.074","354.504","56.1533"
"43130","4090","34","0","745.573","270.16","133.8"
"43131","4090","35","0","635.393","397.128","121.699"
"43132","4090","36","1","811.939","405.925","55.75"
"43133","4090","37","1","682.604","343.967","73.2961"
"43134","4090","38","0","778.611","141.604","104.556"
"43135","4090","39","1","854.432","126.837","61.9012"
"43136","4090","40","1","669.729","368.765","69.2626"
"43137","4090","41","1","804.324","400.836","94.9767"
"43138","4090","42","1","701.559","307.614","87.4137"
"43139","4091","33","1","598.711","54.6634","56.1533"
"43140","4091","34","0","719.671","61.0098","133.8"
"43141","4091","35","0","710.981","333.166","121.699"
"43142","4091","36","1","555.292","323.1","55.75"
"43143","4091","37","1","720.305","163.779","73.2961"
"43144","4091","38","0","586.383","348.078","104.556"
"43145","4091","39","1","837.022","178.609","61.9012"
"43146","4091","40","1","512.959","144.133","69.2626"
"43147","4091","41","1","654.555","396.157","94.9767"
"43148","4091","42","1","765.097","451.08","87.4137"
"43149","4092","33","1","774.423","43.9604","56.1533"
"43150","4092","34","0","675.422","241.316","133.8"
"43151","4092","35","0","636.859","163.378","121.699"
"43152","4092","36","1","604.767","386.271","55.75"
"43153","4092","37","1","683.322","371.462","73.2961"
"43154","4092","38","0","618.601","94.1218","104.556"
"43155","4092","39","1","572.72","22.747","61.9012"
"43156","4092","40","1","716.201","266.421","69.2626"
"43157","4092","41","1","826.255","404.238","94.9767"
"43158","4092","42","1","646.173","289.062","87.4137"
"43159","4093","33","1","610.236","297.557","56.1533"
"43160","4093","34","0","729.674","45.9627","133.8"
"43161","4093","35","0","672.273","73.0833","121.699"
"43162","4093","36","1","541.66","311.289","55.75"
"43163","4093","37","1","740.818","452.343","73.2961"
"43164","4093","38","0","667.091","233.35","104.556"
"43165","4093","39","1","781.596","33.2839","61.9012"
"43166","4093","40","1","818.035","255.178","69.2626"
"43167","4093","41","1","685.237","372.092","94.9767"
"43168","4093","42","1","581.925","351.406","87.4137"
"43169","4094","33","1","786.366","59.2147","56.1533"
"43170","4094","34","0","805.207","321.076","133.8"
"43171","4094","35","0","791.335","76.0258","121.699"
"43172","4094","36","1","510.947","208.581","55.75"
"43173","4094","37","1","837.436","71.7362","73.2961"
"43174","4094","38","0","754.616","207","104.556"
"43175","4094","39","1","640.108","461.51","61.9012"
"43178","4094","40","1","818.272","369.567","69.2626"
"43181","4094","41","1","779.789","360.591","94.9767"
"43184","4094","42","1","618.172","173.467","87.4137"
"43176","4095","33","1","658.745","363.164","56.1533"
"43177","4095","34","0","587.977","313.712","133.8"
"43179","4095","35","1","675.188","284.626","121.699"
"43180","4095","36","1","522.95","25.3193","55.75"
"43182","4095","37","0","676.231","170.586","73.2961"
"43183","4095","38","0","590.319","265.948","104.556"
"43185","4095","39","0","751.022","47.5605","61.9012"
"43186","4095","40","1","645.945","108.676","69.2626"
"43187","4095","41","1","666.428","55.1906","94.9767"
"43188","4095","42","0","677.64","140.605","87.4137"
"43189","4096","33","1","619.653","148.74","56.1533"
"43190","4096","34","0","710.796","15.4414","133.8"
"43191","4096","35","0","611.314","132.546","121.699"
"43192","4096","36","1","698.391","47.3967","55.75"
"43193","4096","37","1","655.765","399.644","73.2961"
"43194","4096","38","1","494.212","173.163","104.556"
"43195","4096","39","0","846.279","228.308","61.9012"
"43196","4096","40","1","687.893","278.368","69.2626"
"43197","4096","41","1","689.962","135.509","94.9767"
"43198","4096","42","0","744.641","117.2","87.4137"
"43199","4097","33","1","598.711","54.6634","56.1533"
"43200","4097","34","0","719.671","61.0098","133.8"
"43201","4097","35","0","710.981","333.166","121.699"
"43202","4097","36","1","555.292","323.1","55.75"
"43203","4097","37","1","720.305","163.779","73.2961"
"43204","4097","38","0","586.383","348.078","104.556"
"43205","4097","39","1","837.022","178.609","61.9012"
"43206","4097","40","1","512.959","144.133","69.2626"
"43207","4097","41","1","654.555","396.157","94.9767"
"43208","4097","42","1","765.097","451.08","87.4137"
"43209","4098","33","1","812.95","326.881","56.1533"
"43210","4098","34","0","612.752","229.084","133.8"
"43211","4098","35","0","788.669","89.3613","121.699"
"43212","4098","36","1","802.307","368.296","55.75"
"43213","4098","37","1","862.86","104.26","73.2961"
"43214","4098","38","0","752.117","265.136","104.556"
"43215","4098","39","1","545.682","474.895","61.9012"
"43216","4098","40","1","791.409","424.456","69.2626"
"43217","4098","41","1","803.836","440.274","94.9767"
"43218","4098","42","1","541.328","302.24","87.4137"
"43219","4099","33","1","591.661","302.402","56.1533"
"43220","4099","34","0","535.833","374.335","133.8"
"43221","4099","35","0","544.334","174.867","121.699"
"43222","4099","36","1","598.538","347.706","55.75"
"43223","4099","37","1","550.006","63.6021","73.2961"
"43224","4099","38","0","687.83","154.859","104.556"
"43225","4099","39","1","745.336","230.12","61.9012"
"43226","4099","40","1","861.833","25.2755","69.2626"
"43227","4099","41","1","563.637","174.319","94.9767"
"43228","4099","42","1","653.064","342.521","87.4137"
"43229","4100","67","1","554.483","84.5992","97.777"
"43230","4100","68","0","744.115","253.806","55.75"
"43231","4100","69","1","733.432","336.234","65.5062"
"43232","4100","70","1","527.531","228.564","133.8"
"43233","4100","71","1","553.872","181.928","105.282"
"43234","4100","72","1","494.871","65.5179","116.164"
"43235","4100","73","0","863.104","293.656","71.1349"
"43236","4100","74","0","847.028","200.273","78.2644"
"43237","4100","75","0","584.3","34.1363","56.5005"
"43238","4100","76","1","825.872","292.818","70.7596"
"43239","4100","77","1","496.417","224.069","77.1387"
"43240","4100","78","0","597.341","74.4937","86.5198"
"43241","4101","67","1","580.728","287.459","97.777"
"43242","4101","68","0","783.213","390.079","55.75"
"43243","4101","69","1","781.027","132.058","65.5062"
"43244","4101","70","1","556.787","233.666","133.8"
"43245","4101","71","0","546.436","179.137","105.282"
"43246","4101","72","1","497.012","119.811","116.164"
"43247","4101","73","1","660.605","6.02197","71.1349"
"43248","4101","74","1","671.871","175.737","78.2644"
"43249","4101","75","1","666.57","11.4517","56.5005"
"43250","4101","76","1","605.294","268.069","70.7596"
"43251","4101","77","0","763.013","97.8297","77.1387"
"43252","4101","78","0","547.434","252.316","86.5198"
"43253","4102","67","1","697.414","344.625","97.777"
"43254","4102","68","0","864.262","355.325","55.75"
"43255","4102","69","1","767.692","87.3891","65.5062"
"43256","4102","70","1","542.352","141.427","133.8"
"43257","4102","71","1","754.708","202.598","105.282"
"43258","4102","72","1","744.233","223.45","116.164"
"43259","4102","73","1","753.33","217.972","71.1349"
"43260","4102","74","1","655.927","320.323","78.2644"
"43261","4102","75","0","737.232","167.19","56.5005"
"43262","4102","76","0","513.205","312.694","70.7596"
"43263","4102","77","0","638.266","243.088","77.1387"
"43264","4102","78","0","663.281","144.828","86.5198"
"43265","4103","67","1","604.412","196.423","97.777"
"43266","4103","68","0","643.47","441.06","55.75"
"43267","4103","69","1","577.05","359.587","65.5062"
"43268","4103","70","1","650.306","338.809","133.8"
"43269","4103","71","1","825.07","14.586","105.282"
"43270","4103","72","1","494.286","38.9601","116.164"
"43271","4103","73","0","673.022","135.486","71.1349"
"43272","4103","74","1","853.672","182.616","78.2644"
"43273","4103","75","0","753.12","224.323","56.5005"
"43274","4103","76","1","832.874","401.186","70.7596"
"43275","4103","77","0","570.825","306.957","77.1387"
"43276","4103","78","0","550.215","226.88","86.5198"
"43277","4104","67","1","652.481","15.7137","97.777"
"43278","4104","68","0","570.818","117.076","55.75"
"43279","4104","69","1","864.245","428.103","65.5062"
"43280","4104","70","1","514.705","344.759","133.8"
"43281","4104","71","1","520.73","167.397","105.282"
"43282","4104","72","1","662.182","63.092","116.164"
"43283","4104","73","0","519.701","13.3299","71.1349"
"43284","4104","74","1","524.027","128.761","78.2644"
"43285","4104","75","0","829.496","69.0253","56.5005"
"43286","4104","76","1","619.272","411.86","70.7596"
"43287","4104","77","0","855.822","98.0184","77.1387"
"43288","4104","78","0","807.887","386.337","86.5198"
"43289","4105","67","1","776.364","389.601","97.777"
"43290","4105","68","0","540.456","274.183","55.75"
"43291","4105","69","1","641.697","357.265","65.5062"
"43292","4105","70","1","634.129","293.105","133.8"
"43293","4105","71","1","692.472","178.226","105.282"
"43294","4105","72","1","691.289","263.31","116.164"
"43295","4105","73","0","611.764","377.47","71.1349"
"43296","4105","74","1","680.499","282.457","78.2644"
"43297","4105","75","0","732.737","75.568","56.5005"
"43298","4105","76","1","645.072","312.538","70.7596"
"43299","4105","77","0","600.06","105.075","77.1387"
"43300","4105","78","0","662.09","137.803","86.5198"
"43301","4106","67","1","527.261","214.624","97.777"
"43302","4106","68","0","764.075","127.739","55.75"
"43303","4106","69","1","658.951","382.099","65.5062"
"43304","4106","70","1","503.822","182.179","133.8"
"43305","4106","71","1","613.688","108.618","105.282"
"43306","4106","72","0","745.891","153.959","116.164"
"43307","4106","73","1","794.483","231.999","71.1349"
"43308","4106","74","0","583.369","113.816","78.2644"
"43309","4106","75","1","742.939","160.917","56.5005"
"43310","4106","76","0","580.164","359.783","70.7596"
"43311","4106","77","1","771.449","311.565","77.1387"
"43312","4106","78","1","847.727","336.976","86.5198"
"43313","4107","67","1","758.264","123.82","97.777"
"43314","4107","68","0","589.153","230.699","55.75"
"43315","4107","69","1","793.096","358.384","65.5062"
"43316","4107","70","1","520.226","133.486","133.8"
"43317","4107","71","1","760.244","229.139","105.282"
"43318","4107","72","1","676.069","21.9574","116.164"
"43319","4107","73","0","845.169","336.716","71.1349"
"43320","4107","74","0","688.883","43.7349","78.2644"
"43321","4107","75","1","672.796","377.888","56.5005"
"43322","4107","76","0","557.753","129.794","70.7596"
"43323","4107","77","0","847.321","298.435","77.1387"
"43324","4107","78","1","549.846","224.787","86.5198"
"43325","4108","67","0","562.384","21.0581","97.777"
"43326","4108","68","1","856.629","363.806","55.75"
"43327","4108","69","1","661.914","371.101","65.5062"
"43328","4108","70","1","739.08","304.084","133.8"
"43329","4108","71","1","655.711","402.515","105.282"
"43330","4108","72","0","615.877","414.008","116.164"
"43331","4108","73","1","718.353","126.284","71.1349"
"43332","4108","74","1","714.585","129.695","78.2644"
"43333","4108","75","1","878.839","330.585","56.5005"
"43334","4108","76","1","782.333","321.707","70.7596"
"43335","4108","77","1","510.337","94.3525","77.1387"
"43336","4108","78","0","716.649","330.702","86.5198"
"43337","4109","67","0","776.488","14.7392","97.777"
"43338","4109","68","1","741.196","431.068","55.75"
"43339","4109","69","1","869.62","120.388","65.5062"
"43340","4109","70","1","794.307","30.3181","133.8"
"43341","4109","71","1","697.417","66.3079","105.282"
"43342","4109","72","0","746.324","190.202","116.164"
"43343","4109","73","1","752.374","24.6299","71.1349"
"43344","4109","74","1","564.671","267.298","78.2644"
"43345","4109","75","1","744.021","280.909","56.5005"
"43346","4109","76","1","867.134","377.062","70.7596"
"43347","4109","77","1","634.135","254.473","77.1387"
"43348","4109","78","0","755.876","62.4789","86.5198"
"43349","4110","67","1","785.525","402.041","97.777"
"43350","4110","68","1","841.61","421.562","55.75"
"43351","4110","69","1","737.679","362.978","65.5062"
"43352","4110","70","1","743.321","46.4258","133.8"
"43353","4110","71","1","816.14","203.735","105.282"
"43354","4110","72","0","678.649","382.587","116.164"
"43355","4110","73","0","643.383","339.112","71.1349"
"43356","4110","74","1","497.28","263.49","78.2644"
"43357","4110","75","0","506.538","387.22","56.5005"
"43358","4110","76","1","530.619","229.762","70.7596"
"43359","4110","77","0","629.122","239.615","77.1387"
"43360","4110","78","1","519.492","436.962","86.5198"
"43361","4111","67","0","758.264","123.82","97.777"
"43362","4111","68","1","589.153","230.699","55.75"
"43363","4111","69","0","793.096","358.384","65.5062"
"43364","4111","70","0","520.226","133.486","133.8"
"43365","4111","71","1","760.244","229.139","105.282"
"43366","4111","72","1","676.069","21.9574","116.164"
"43367","4111","73","1","845.169","336.716","71.1349"
"43368","4111","74","1","688.883","43.7349","78.2644"
"43369","4111","75","1","672.796","377.888","56.5005"
"43370","4111","76","1","557.753","129.794","70.7596"
"43371","4111","77","1","847.321","298.435","77.1387"
"43372","4111","78","1","549.846","224.787","86.5198"
"43373","4112","67","0","648.317","48.5486","97.777"
"43374","4112","68","1","645.624","472.328","55.75"
"43375","4112","69","0","836.984","91.7711","65.5062"
"43376","4112","70","0","620.305","180.88","133.8"
"43377","4112","71","1","784.935","229.233","105.282"
"43378","4112","72","1","705.714","168.225","116.164"
"43379","4112","73","1","685.69","362.75","71.1349"
"43380","4112","74","1","745.459","173.345","78.2644"
"43381","4112","75","1","605.536","171.281","56.5005"
"43382","4112","76","1","863.374","85.8298","70.7596"
"43383","4112","77","1","667.58","152.991","77.1387"
"43384","4112","78","1","648.965","87.6435","86.5198"
"43385","4113","67","0","697.414","344.625","97.777"
"43386","4113","68","1","864.262","355.325","55.75"
"43387","4113","69","0","767.692","87.3891","65.5062"
"43388","4113","70","1","542.352","141.427","133.8"
"43389","4113","71","1","754.708","202.598","105.282"
"43390","4113","72","1","744.233","223.45","116.164"
"43391","4113","73","0","753.33","217.972","71.1349"
"43392","4113","74","1","655.927","320.323","78.2644"
"43393","4113","75","1","737.232","167.19","56.5005"
"43394","4113","76","1","513.205","312.694","70.7596"
"43395","4113","77","1","638.266","243.088","77.1387"
"43396","4113","78","0","663.281","144.828","86.5198"
"43397","4114","67","1","785.525","402.041","97.777"
"43398","4114","68","1","841.61","421.562","55.75"
"43399","4114","69","1","737.679","362.978","65.5062"
"43400","4114","70","1","743.321","46.4258","133.8"
"43401","4114","71","0","816.14","203.735","105.282"
"43402","4114","72","0","678.649","382.587","116.164"
"43403","4114","73","1","643.383","339.112","71.1349"
"43404","4114","74","1","497.28","263.49","78.2644"
"43405","4114","75","1","506.538","387.22","56.5005"
"43406","4114","76","1","530.619","229.762","70.7596"
"43407","4114","77","0","629.122","239.615","77.1387"
"43408","4114","78","1","519.492","436.962","86.5198"
"43409","4115","67","1","549.102","215.014","97.777"
"43410","4115","68","0","738.948","418.778","55.75"
"43411","4115","69","0","801.638","231.997","65.5062"
"43412","4115","70","0","649.85","42.3958","133.8"
"43413","4115","71","1","577.52","32.2842","105.282"
"43414","4115","72","1","612.779","334.989","116.164"
"43415","4115","73","1","806.166","46.7314","71.1349"
"43416","4115","74","1","663.284","317.738","78.2644"
"43417","4115","75","1","531.479","68.7948","56.5005"
"43418","4115","76","0","777.004","340.318","70.7596"
"43419","4115","77","1","694.105","330.603","77.1387"
"43420","4115","78","1","616.742","63.6971","86.5198"
"43421","4116","67","1","751.037","141.918","97.777"
"43422","4116","68","1","645.136","303.942","55.75"
"43423","4116","69","1","521.667","79.7196","65.5062"
"43424","4116","70","0","596.217","269.003","133.8"
"43425","4116","71","1","773.596","18.7311","105.282"
"43426","4116","72","1","610.279","27.0473","116.164"
"43427","4116","73","1","650.1","452.171","71.1349"
"43428","4116","74","1","561.518","223.416","78.2644"
"43429","4116","75","1","589.982","187.325","56.5005"
"43430","4116","76","1","631.77","466.884","70.7596"
"43431","4116","77","0","718.36","34.1022","77.1387"
"43432","4116","78","0","571.84","113.671","86.5198"
"43433","4117","67","0","507.362","315.243","97.777"
"43434","4117","68","1","537.979","363.261","55.75"
"43435","4117","69","1","513.329","305.344","65.5062"
"43436","4117","70","1","553.677","372.644","133.8"
"43437","4117","71","1","546.715","53.0992","105.282"
"43438","4117","72","1","527.21","58.2496","116.164"
"43439","4117","73","1","523.87","34.9551","71.1349"
"43440","4117","74","0","859.898","191.757","78.2644"
"43441","4117","75","1","795.836","281.44","56.5005"
"43442","4117","76","0","545.217","186.273","70.7596"
"43443","4117","77","0","658.692","373.122","77.1387"
"43444","4117","78","1","594.401","160.905","86.5198"
"43445","4118","67","1","517.711","294.525","97.777"
"43446","4118","68","0","594.601","251.225","55.75"
"43447","4118","69","0","791.631","272.434","65.5062"
"43448","4118","70","1","704.992","75.157","133.8"
"43449","4118","71","1","499.286","432.201","105.282"
"43450","4118","72","1","524.621","163.759","116.164"
"43451","4118","73","1","602.255","115.35","71.1349"
"43452","4118","74","0","758.528","359.238","78.2644"
"43453","4118","75","1","742.63","240.876","56.5005"
"43454","4118","76","0","846.248","296.926","70.7596"
"43455","4118","77","0","650.106","154.275","77.1387"
"43456","4118","78","1","676.587","130.01","86.5198"
"43457","4119","67","1","228.892","46.7244","97.777"
"43458","4119","68","1","342.783","405.948","55.75"
"43459","4119","69","1","225.733","230.021","65.5062"
"43460","4119","70","0","142.616","178.477","133.8"
"43461","4119","71","1","249.616","412.157","105.282"
"43462","4119","72","0","42.0001","105.654","116.164"
"43463","4119","73","1","362.224","80.1991","71.1349"
"43464","4119","74","1","380.893","331.943","78.2644"
"43465","4119","75","1","344.814","456.715","56.5005"
"43466","4119","76","0","360.799","436.448","70.7596"
"43467","4119","77","0","108.321","280.257","77.1387"
"43468","4119","78","0","168.15","74.807","86.5198"
"43469","4120","67","0","632.326","340.437","97.777"
"43470","4120","68","1","748.405","464.982","55.75"
"43471","4120","69","1","833.817","466.123","65.5062"
"43472","4120","70","1","560.868","245.12","133.8"
"43473","4120","71","1","708.45","88.2469","105.282"
"43474","4120","72","0","537.701","412.583","116.164"
"43475","4120","73","1","605.916","411","71.1349"
"43476","4120","74","1","535.939","122.259","78.2644"
"43477","4120","75","1","753.352","128.788","56.5005"
"43478","4120","76","1","845.615","141.859","70.7596"
"43479","4120","77","1","693.103","78.7025","77.1387"
"43480","4120","78","0","673.891","85.1159","86.5198"
"43481","4121","67","0","758.264","123.82","97.777"
"43482","4121","68","1","589.153","230.699","55.75"
"43483","4121","69","1","793.096","358.384","65.5062"
"43484","4121","70","1","520.226","133.486","133.8"
"43485","4121","71","1","760.244","229.139","105.282"
"43486","4121","72","1","676.069","21.9574","116.164"
"43487","4121","73","1","845.169","336.716","71.1349"
"43488","4121","74","0","688.883","43.7349","78.2644"
"43489","4121","75","1","672.796","377.888","56.5005"
"43490","4121","76","0","557.753","129.794","70.7596"
"43491","4121","77","0","847.321","298.435","77.1387"
"43492","4121","78","1","549.846","224.787","86.5198"
"43493","4122","67","0","783.88","402.818","97.777"
"43494","4122","68","0","699.021","70.3395","55.75"
"43495","4122","69","0","868.915","322.301","65.5062"
"43496","4122","70","0","707.738","124.41","133.8"
"43497","4122","71","0","798.847","58.0665","105.282"
"43498","4122","72","0","809.084","62.857","116.164"
"43499","4122","73","0","499.91","50.3427","71.1349"
"43500","4122","74","0","749.079","142.863","78.2644"
"43501","4122","75","0","708.215","373.129","56.5005"
"43502","4122","76","0","712.802","307.74","70.7596"
"43503","4122","77","0","664.089","172.786","77.1387"
"43504","4122","78","0","601.797","369.957","86.5198"
