submitted_item_id,submitted_problem_id,item_id,in_knapsack,start_pos_x,start_pos_y,pixel_size
44063,4178,101,0,179.681,376.251,133.8
44064,4178,102,0,286.38,119.216,88.7289
44065,4178,103,1,69.3124,107.299,95.3247
44066,4178,104,1,35.9961,74.7552,61.2465
44067,4178,105,1,233.845,386.075,65.6437
44068,4178,106,1,188.469,106.441,62.3458
44069,4178,107,1,227.809,29.6494,101.92
44070,4178,108,1,362.51,174.36,55.75
44071,4178,109,1,96.7507,96.6966,108.516
44072,4178,110,0,71.8096,254.981,88.7289
44073,4179,101,0,575.998,239.096,133.8
44074,4179,102,0,665.315,54.8272,88.7289
44075,4179,103,1,573.196,209.861,95.3247
44076,4179,104,1,711.02,308.145,61.2465
44077,4179,105,1,588.518,53.1424,65.6437
44078,4179,106,1,707.721,74.5853,62.3458
44079,4179,107,1,628.125,25.581,101.92
44080,4179,108,1,654.625,273.082,55.75
44081,4179,109,1,647.316,384.128,108.516
44082,4179,110,0,496.117,167.284,88.7289
44093,4181,101,0,80.1341,393.947,133.8
44094,4181,102,0,192.395,70.6712,88.7289
44095,4181,103,1,347.505,314.781,95.3247
44096,4181,104,1,370.687,66.0836,61.2465
44097,4181,105,1,76.5461,45.7968,65.6437
44098,4181,106,1,116.287,208.93,62.3458
44099,4181,107,1,244.131,353.568,101.92
44100,4181,108,1,173.365,246.147,55.75
44101,4181,109,1,60.487,401.202,108.516
44102,4181,110,0,108.18,153.329,88.7289
44163,4188,101,0,595.699,245.235,133.8
44164,4188,102,0,647.093,11.1042,88.7289
44165,4188,103,1,624.273,148.231,95.3247
44166,4188,104,1,873.851,108.737,61.2465
44167,4188,105,0,755.52,190.44,65.6437
44168,4188,106,1,855.214,392.014,62.3458
44169,4188,107,1,668.173,276.624,101.92
44170,4188,108,0,627.575,201.249,55.75
44171,4188,109,1,762.479,268.803,108.516
44172,4188,110,0,789.658,423.271,88.7289
44173,4189,101,0,514.115,138.939,133.8
44174,4189,102,0,791.007,435.18,88.7289
44175,4189,103,1,692.322,174.176,95.3247
44176,4189,104,1,722.138,166.989,61.2465
44177,4189,105,1,502.413,316.196,65.6437
44178,4189,106,1,728.774,358.474,62.3458
44179,4189,107,1,827.763,381.64,101.92
44180,4189,108,1,517.428,288.896,55.75
44181,4189,109,1,749.304,104.98,108.516
44182,4189,110,0,626.091,437.222,88.7289
44193,4191,101,0,290.059,54.4258,133.8
44194,4191,102,0,43.6837,413.825,88.7289
44195,4191,103,0,162.6,330.831,95.3247
44196,4191,104,0,195.834,109.2,61.2465
44197,4191,105,0,158.4,452.549,65.6437
44198,4191,106,0,216.991,175.873,62.3458
44199,4191,107,0,315.487,252.496,101.92
44200,4191,108,0,57.7378,426.042,55.75
44201,4191,109,0,70.6817,167.161,108.516
44202,4191,110,0,137.145,227.578,88.7289
44203,4192,101,0,685.374,285.306,133.8
44204,4192,102,0,603.955,256.459,88.7289
44205,4192,103,1,712.677,136.535,95.3247
44206,4192,104,1,526.779,443.707,61.2465
44207,4192,105,1,669.577,155.545,65.6437
44208,4192,106,1,816.361,69.8711,62.3458
44209,4192,107,1,710.093,291.473,101.92
44210,4192,108,1,711.109,70.1794,55.75
44211,4192,109,1,745.668,255.512,108.516
44212,4192,110,0,808.959,193.234,88.7289
44213,4193,101,0,78.5379,34.1265,133.8
44214,4193,102,0,370.197,379.366,88.7289
44215,4193,103,0,285.271,250.503,95.3247
44216,4193,104,0,190.686,351.292,61.2465
44217,4193,105,0,118.947,154.224,65.6437
44218,4193,106,0,132.132,248.161,62.3458
44219,4193,107,0,23.2963,195.792,101.92
44220,4193,108,0,383.224,27.3591,55.75
44221,4193,109,0,276.89,87.7081,108.516
44222,4193,110,0,92.5825,191.93,88.7289
44223,4194,101,0,753.19,223.181,133.8
44224,4194,102,0,667.315,395.408,88.7289
44225,4194,103,0,762.189,41.3325,95.3247
44226,4194,104,0,702.005,258.705,61.2465
44227,4194,105,0,525.809,123.007,65.6437
44228,4194,106,0,605.126,264.713,62.3458
44229,4194,107,0,627.858,278.342,101.92
44230,4194,108,0,770.198,392.442,55.75
44231,4194,109,0,742.274,9.04236,108.516
44232,4194,110,0,753.25,430.703,88.7289
44233,4195,101,0,222.437,244.666,133.8
44234,4195,102,0,240.886,212.036,88.7289
44235,4195,103,0,259.487,211.254,95.3247
44236,4195,104,0,399.41,280.012,61.2465
44237,4195,105,0,178.972,328.954,65.6437
44238,4195,106,0,209.272,220.604,62.3458
44239,4195,107,0,70.9388,198.385,101.92
44240,4195,108,0,347.021,471.889,55.75
44241,4195,109,0,175.911,343.034,108.516
44242,4195,110,0,205.59,24.1432,88.7289
44253,4197,101,0,636.459,180.785,133.8
44254,4197,102,0,560.827,30.8236,88.7289
44255,4197,103,1,577.132,294.748,95.3247
44256,4197,104,1,752.18,246.403,61.2465
44257,4197,105,1,776.586,114.144,65.6437
44258,4197,106,1,562.291,152.097,62.3458
44259,4197,107,1,822.668,15.0407,101.92
44260,4197,108,1,724.653,348.282,55.75
44261,4197,109,1,568.366,278.634,108.516
44262,4197,110,0,504.334,205.626,88.7289
44273,4199,101,0,253.853,323.469,133.8
44274,4199,102,0,203.987,23.6836,88.7289
44275,4199,103,0,203.677,432.085,95.3247
44276,4199,104,0,172.152,187.886,61.2465
44277,4199,105,0,279.637,175.245,65.6437
44278,4199,106,0,92.0848,232.361,62.3458
44279,4199,107,0,263.099,304.886,101.92
44280,4199,108,0,208.576,385.775,55.75
44281,4199,109,0,246.245,238.907,108.516
44282,4199,110,0,23.753,172.006,88.7289
44293,4201,101,0,530.737,225.712,133.8
44294,4201,102,0,617.662,328.52,88.7289
44295,4201,103,1,640.8,29.1067,95.3247
44296,4201,104,1,611.166,131.477,61.2465
44297,4201,105,1,572.492,324.127,65.6437
44298,4201,106,1,714.555,463.162,62.3458
44299,4201,107,1,602.146,225.316,101.92
44300,4201,108,1,759.178,53.4161,55.75
44301,4201,109,1,663.08,131.635,108.516
44302,4201,110,0,533.45,196.698,88.7289
44303,4202,101,0,141.705,294.784,133.8
44304,4202,102,0,50.3504,402.706,88.7289
44305,4202,103,1,281.83,333.83,95.3247
44306,4202,104,1,356.045,52.1915,61.2465
44307,4202,105,1,83.6725,67.6714,65.6437
44308,4202,106,1,333.953,106.731,62.3458
44309,4202,107,1,140.306,112.889,101.92
44310,4202,108,1,169.891,177.376,55.75
44311,4202,109,1,295.931,309.02,108.516
44312,4202,110,0,58.5587,169.481,88.7289
44323,4204,101,0,629.099,182.587,133.8
44324,4204,102,0,780.842,154.733,88.7289
44325,4204,103,1,754.388,65.8878,95.3247
44326,4204,104,1,798.893,431.307,61.2465
44327,4204,105,1,647.423,20.0177,65.6437
44328,4204,106,1,676.856,68.316,62.3458
44329,4204,107,1,623.328,378.955,101.92
44330,4204,108,1,559.135,156.399,55.75
44331,4204,109,1,660.61,366.116,108.516
44332,4204,110,0,731.344,392.881,88.7289
44343,4206,101,0,73.4318,143.406,133.8
44344,4206,102,0,98.3239,44.9538,88.7289
44345,4206,103,1,141.906,304.845,95.3247
44346,4206,104,1,248.021,71.0067,61.2465
44347,4206,105,1,388.415,221.364,65.6437
44348,4206,106,1,48.581,320.759,62.3458
44349,4206,107,1,30.3045,63.9745,101.92
44350,4206,108,1,408.7,29.5597,55.75
44351,4206,109,1,232.248,241.559,108.516
44352,4206,110,0,341.874,75.591,88.7289
44353,4207,101,0,538.372,260.326,133.8
44354,4207,102,0,669.095,354.516,88.7289
44355,4207,103,1,532.194,329.232,95.3247
44356,4207,104,1,742.119,333.373,61.2465
44357,4207,105,1,774.959,251.809,65.6437
44358,4207,106,1,713.427,206.005,62.3458
44359,4207,107,1,631.5,69.1246,101.92
44360,4207,108,1,694.958,254.75,55.75
44361,4207,109,1,780.329,194.408,108.516
44362,4207,110,0,809.09,117.746,88.7289
44363,4208,101,1,292.351,178.837,133.8
44364,4208,102,0,218.596,185.053,88.7289
44365,4208,103,0,174.895,267.222,95.3247
44366,4208,104,1,232.51,398.044,61.2465
44367,4208,105,0,54.4555,28.6963,65.6437
44368,4208,106,0,132.302,277.488,62.3458
44369,4208,107,1,341.962,276.467,101.92
44370,4208,108,0,347.551,264.535,55.75
44371,4208,109,1,273.441,376.363,108.516
44372,4208,110,0,259.333,83.9595,88.7289
44373,4209,101,0,319.045,346.542,133.8
44374,4209,102,1,55.3873,149.779,88.7289
44375,4209,103,1,95.2732,379.856,95.3247
44376,4209,104,1,243.977,462.401,61.2465
44377,4209,105,1,324.702,30.4584,65.6437
44378,4209,106,1,185.125,461.186,62.3458
44379,4209,107,1,33.5624,255.678,101.92
44380,4209,108,1,31.439,316.048,55.75
44381,4209,109,0,86.9688,41.192,108.516
44382,4209,110,0,182.357,347.036,88.7289
44383,4210,111,1,761.585,49.1631,55.75
44384,4210,112,1,851.192,65.1788,61.8206
44385,4210,113,0,682.44,141.484,102.58
44386,4210,114,0,782.482,373.168,125.128
44387,4210,115,0,731.826,208.631,100.846
44388,4210,116,0,762.003,60.6226,121.659
44389,4210,117,0,731.283,230.609,102.58
44390,4210,118,0,566.427,23.323,133.8
44391,4210,119,1,512.292,120.566,71.36
44392,4210,120,0,620.382,276.858,119.057
44393,4211,111,1,749.682,225.334,55.75
44394,4211,112,1,805.987,190.098,61.8206
44395,4211,113,0,794.532,141.83,102.58
44396,4211,114,0,648.722,188.266,125.128
44397,4211,115,0,795.251,358.877,100.846
44398,4211,116,0,750.281,119.079,121.659
44399,4211,117,0,550.982,379.18,102.58
44400,4211,118,0,530.787,395.082,133.8
44401,4211,119,1,654.393,22.4497,71.36
44402,4211,120,0,762.189,259.637,119.057
44403,4212,111,1,654.048,117.676,55.75
44404,4212,112,1,674.189,341.01,61.8206
44405,4212,113,0,600.057,334.116,102.58
44406,4212,114,0,497.287,88.4901,125.128
44407,4212,115,0,791.324,246.133,100.846
44408,4212,116,0,568.657,291.158,121.659
44409,4212,117,0,667.95,85.7025,102.58
44410,4212,118,0,633.237,204.456,133.8
44411,4212,119,1,652.528,253.947,71.36
44412,4212,120,0,757.913,212.093,119.057
44413,4213,111,1,578.274,107.744,55.75
44414,4213,112,1,778.206,388.364,61.8206
44415,4213,113,0,721.44,129.14,102.58
44416,4213,114,0,640.044,200.137,125.128
44417,4213,115,0,619.718,258.902,100.846
44418,4213,116,0,762.195,200.249,121.659
44419,4213,117,0,709.426,189.957,102.58
44420,4213,118,0,803.245,368.995,133.8
44421,4213,119,1,819.484,410.477,71.36
44422,4213,120,0,806.403,11.2191,119.057
44423,4214,111,1,764.319,348.152,55.75
44424,4214,112,1,772.746,47.7538,61.8206
44425,4214,113,0,780.906,79.1568,102.58
44426,4214,114,0,569.745,74.0074,125.128
44427,4214,115,0,711.72,173.506,100.846
44428,4214,116,0,709.154,143.144,121.659
44429,4214,117,0,681.659,58.7219,102.58
44430,4214,118,0,696.006,296.882,133.8
44431,4214,119,1,557.479,279.794,71.36
44432,4214,120,0,603.542,280.575,119.057
44433,4215,111,1,602.913,228.179,55.75
44434,4215,112,1,717.544,241.06,61.8206
44435,4215,113,0,683.632,175.799,102.58
44436,4215,114,0,767.504,342.75,125.128
44437,4215,115,0,557.92,149.611,100.846
44438,4215,116,0,766.362,134.812,121.659
44439,4215,117,0,749.733,143.086,102.58
44440,4215,118,0,698.284,217.621,133.8
44441,4215,119,1,781.956,119.617,71.36
44442,4215,120,0,729.245,7.62848,119.057
44443,4216,111,1,776.682,455.45,55.75
44444,4216,112,1,839.562,311.492,61.8206
44445,4216,113,0,697.935,197.655,102.58
44446,4216,114,0,636.416,307.135,125.128
44447,4216,115,0,771.25,234.566,100.846
44448,4216,116,0,672.669,265.201,121.659
44449,4216,117,0,545.255,178.141,102.58
44450,4216,118,0,647.397,333.768,133.8
44451,4216,119,1,832.892,331.136,71.36
44452,4216,120,0,579.803,349.441,119.057
44453,4217,111,1,678.267,85.9734,55.75
44454,4217,112,1,757.535,336.819,61.8206
44455,4217,113,0,717.752,51.7909,102.58
44456,4217,114,0,742.362,94.5723,125.128
44457,4217,115,0,739.54,178.473,100.846
44458,4217,116,0,559.17,135.358,121.659
44459,4217,117,0,664.552,184.56,102.58
44460,4217,118,0,675.497,243.231,133.8
44461,4217,119,1,831.374,412.975,71.36
44462,4217,120,0,820.459,310.933,119.057
44463,4218,111,1,651.235,283.212,55.75
44464,4218,112,1,537.694,144.767,61.8206
44465,4218,113,0,716.366,218.018,102.58
44466,4218,114,0,646.106,353.804,125.128
44467,4218,115,0,706.979,37.7417,100.846
44468,4218,116,0,719.871,215.906,121.659
44469,4218,117,0,707.273,128.463,102.58
44470,4218,118,0,664.958,362.354,133.8
44471,4218,119,1,696.766,352.023,71.36
44472,4218,120,0,580.129,300.329,119.057
44473,4219,111,0,675.126,217.129,55.75
44474,4219,112,1,539.578,421.556,61.8206
44475,4219,113,0,746.871,213.931,102.58
44476,4219,114,0,537.253,64.89,125.128
44477,4219,115,0,501.078,74.8187,100.846
44478,4219,116,0,787.551,309.194,121.659
44479,4219,117,0,813.364,195.394,102.58
44480,4219,118,0,533.144,43.2076,133.8
44481,4219,119,1,731.935,246.415,71.36
44482,4219,120,0,794.371,402.447,119.057
44483,4220,111,1,725.127,111.766,55.75
44484,4220,112,1,644.061,104.948,61.8206
44485,4220,113,0,579.777,295.467,102.58
44486,4220,114,0,729.815,29.8345,125.128
44487,4220,115,0,620.586,46.6455,100.846
44488,4220,116,0,717.402,340.259,121.659
44489,4220,117,0,744.127,169.807,102.58
44490,4220,118,0,607.179,114.194,133.8
44491,4220,119,1,528.625,84.9982,71.36
44492,4220,120,0,537.479,80.7981,119.057
44493,4221,111,1,780.577,262.212,55.75
44494,4221,112,1,788.971,461.365,61.8206
44495,4221,113,0,519.94,127.884,102.58
44496,4221,114,0,683.596,79.7341,125.128
44497,4221,115,0,627.869,197.029,100.846
44498,4221,116,0,558.226,294.289,121.659
44499,4221,117,0,659.768,332.791,102.58
44500,4221,118,0,758.755,304.928,133.8
44501,4221,119,1,856.208,179.644,71.36
44502,4221,120,0,601.083,207.783,119.057
44503,4222,111,1,602.82,388.887,55.75
44504,4222,112,1,723.781,149.045,61.8206
44505,4222,113,0,650.135,198.54,102.58
44506,4222,114,0,731.978,392.779,125.128
44507,4222,115,0,683.214,234.751,100.846
44508,4222,116,0,714.022,264.44,121.659
44509,4222,117,0,498.155,154.415,102.58
44510,4222,118,0,623.525,106.056,133.8
44511,4222,119,1,767.137,150.76,71.36
44512,4222,120,0,574.321,178.324,119.057
44513,4223,111,1,562.171,296.2,55.75
44514,4223,112,1,613.955,65.9191,61.8206
44515,4223,113,0,702.854,433.966,102.58
44516,4223,114,0,677.741,131.865,125.128
44517,4223,115,0,657.824,285.951,100.846
44518,4223,116,0,790.319,210.633,121.659
44519,4223,117,0,689.68,305.628,102.58
44520,4223,118,0,673.223,367.618,133.8
44521,4223,119,1,506.973,157.202,71.36
44522,4223,120,0,814.674,260.548,119.057
44523,4224,111,1,505.12,131.354,55.75
44524,4224,112,1,833.488,298.912,61.8206
44525,4224,113,0,523.693,49.175,102.58
44526,4224,114,0,586.603,116.778,125.128
44527,4224,115,0,566.563,240.869,100.846
44528,4224,116,0,699.075,42.7667,121.659
44529,4224,117,0,621.251,40.4036,102.58
44530,4224,118,0,738.372,340.889,133.8
44531,4224,119,1,573.349,41.0673,71.36
44532,4224,120,0,727.506,158.899,119.057
44533,4225,111,1,678.769,232.341,55.75
44534,4225,112,1,762.761,133.477,61.8206
44535,4225,113,0,690.869,67.562,102.58
44536,4225,114,0,681.588,401.455,125.128
44537,4225,115,0,602.185,10.8791,100.846
44538,4225,116,0,655.015,24.4084,121.659
44539,4225,117,0,531.797,310.939,102.58
44540,4225,118,0,753.678,44.2556,133.8
44541,4225,119,1,515.442,465.215,71.36
44542,4225,120,0,739.659,343.661,119.057
44543,4226,111,1,58.5583,187.353,55.75
44544,4226,112,1,84.8754,38.6957,61.8206
44545,4226,113,0,48.1252,420.04,102.58
44546,4226,114,0,255.753,248.76,125.128
44547,4226,115,0,133.674,90.2302,100.846
44548,4226,116,0,58.764,228.511,121.659
44549,4226,117,0,211.865,387.977,102.58
44550,4226,118,0,163.055,193.393,133.8
44551,4226,119,1,29.5435,330.586,71.36
44552,4226,120,0,290.433,277.888,119.057
44553,4227,111,1,688.013,347.755,55.75
44554,4227,112,1,820.221,326.942,61.8206
44555,4227,113,0,713.217,430.653,102.58
44556,4227,114,0,801.038,305.967,125.128
44557,4227,115,0,562.856,360.053,100.846
44558,4227,116,0,556.09,78.2445,121.659
44559,4227,117,0,747.545,381.88,102.58
44560,4227,118,0,650.823,328.58,133.8
44561,4227,119,1,516.37,386.531,71.36
44562,4227,120,0,610.009,19.4888,119.057
44563,4228,111,1,288.495,44.9411,55.75
44564,4228,112,1,378.531,84.5847,61.8206
44565,4228,113,0,137.233,319.276,102.58
44566,4228,114,0,248.76,211.672,125.128
44567,4228,115,0,255.305,74.6888,100.846
44568,4228,116,0,85.6169,119.392,121.659
44569,4228,117,0,359.34,40.138,102.58
44570,4228,118,0,35.6007,238.406,133.8
44571,4228,119,1,162.378,76.9666,71.36
44572,4228,120,0,247.807,83.2808,119.057
44573,4229,111,1,808.185,111.976,55.75
44574,4229,112,1,598.991,187.758,61.8206
44575,4229,113,0,494.245,111.835,102.58
44576,4229,114,0,640.122,268.267,125.128
44577,4229,115,0,628.079,170.54,100.846
44578,4229,116,0,527.031,347.939,121.659
44579,4229,117,0,497.815,190.278,102.58
44580,4229,118,0,783.995,121.57,133.8
44581,4229,119,1,742.676,157.52,71.36
44582,4229,120,0,586.515,383.541,119.057
44583,4230,111,1,660.151,100.717,55.75
44584,4230,112,1,665.443,77.8029,61.8206
44585,4230,113,0,821.761,375.05,102.58
44586,4230,114,0,733.109,394.33,125.128
44587,4230,115,0,602.106,142.974,100.846
44588,4230,116,0,730.167,130.719,121.659
44589,4230,117,0,683.697,43.3039,102.58
44590,4230,118,0,763.671,290.91,133.8
44591,4230,119,1,590.958,51.2091,71.36
44592,4230,120,0,764.937,380.07,119.057
44593,4231,111,1,221.879,230.407,55.75
44594,4231,112,1,29.4781,117.374,61.8206
44595,4231,113,0,304.956,247.695,102.58
44596,4231,114,0,101.558,213.312,125.128
44597,4231,115,0,103.101,10.6415,100.846
44598,4231,116,0,213.113,171.832,121.659
44599,4231,117,0,312.852,292.461,102.58
44600,4231,118,0,214.883,268.4,133.8
44601,4231,119,1,209.148,235.751,71.36
44602,4231,120,0,52.7295,122.455,119.057
44603,4232,111,0,287.811,389.617,55.75
44604,4232,112,0,318.004,338.125,61.8206
44605,4232,113,0,134.208,300.36,102.58
44606,4232,114,0,92.223,53.325,125.128
44607,4232,115,0,331.463,147.309,100.846
44608,4232,116,0,110.744,325.518,121.659
44609,4232,117,0,163.887,138.966,102.58
44610,4232,118,0,40.5028,156.824,133.8
44611,4232,119,0,356.973,29.3375,71.36
44612,4232,120,0,141.661,149.437,119.057
44613,4233,121,1,874.292,395.839,55.75
44614,4233,122,1,599.953,422.269,96.2954
44615,4233,123,1,539.274,198.672,82.1045
44616,4233,124,1,607.772,403.602,125.691
44617,4233,125,0,625.686,257.842,91.2273
44618,4233,126,0,788.181,189.659,133.8
44619,4233,127,0,739.623,138.329,117.582
44620,4233,128,0,740.831,448.606,81.0909
44621,4233,129,0,559.697,355.948,63.8591
44622,4233,130,0,674.521,332.36,113.527
44623,4234,121,1,817.489,419.102,55.75
44624,4234,122,0,815.057,277.846,96.2954
44625,4234,123,0,780.241,163.482,82.1045
44626,4234,124,1,523.777,412.994,125.691
44627,4234,125,0,534.977,214.042,91.2273
44628,4234,126,1,689.356,385.927,133.8
44629,4234,127,0,819.973,249.206,117.582
44630,4234,128,0,706.821,9.9491,81.0909
44631,4234,129,0,868.182,402.87,63.8591
44632,4234,130,0,547.27,133.35,113.527
44633,4235,121,1,546.935,70.715,55.75
44634,4235,122,1,796.136,264.37,96.2954
44635,4235,123,1,720.984,22.2337,82.1045
44636,4235,124,1,600.233,104.423,125.691
44637,4235,125,0,600.863,51.9584,91.2273
44638,4235,126,0,605.412,257.159,133.8
44639,4235,127,0,543.041,57.5043,117.582
44640,4235,128,0,707.681,230.524,81.0909
44641,4235,129,0,499.012,24.6898,63.8591
44642,4235,130,0,703.957,197.219,113.527
44643,4236,121,1,547.335,238.493,55.75
44644,4236,122,0,633.943,70.4233,96.2954
44645,4236,123,0,566.44,415.148,82.1045
44646,4236,124,1,807.214,23.8375,125.691
44647,4236,125,0,726.796,239.965,91.2273
44648,4236,126,1,748.258,23.854,133.8
44649,4236,127,0,612.967,304.794,117.582
44650,4236,128,0,495.061,219.099,81.0909
44651,4236,129,0,720.323,29.604,63.8591
44652,4236,130,0,500.061,223.871,113.527
44653,4237,121,1,861.352,316.322,55.75
44654,4237,122,1,637.19,120.105,96.2954
44655,4237,123,1,592.789,403.842,82.1045
44656,4237,124,1,610.849,293.381,125.691
44657,4237,125,0,591.436,324.74,91.2273
44658,4237,126,0,496.688,23.3351,133.8
44659,4237,127,0,726.251,315.521,117.582
44660,4237,128,0,855.169,242.918,81.0909
44661,4237,129,0,781.15,198.09,63.8591
44662,4237,130,0,779.861,226.173,113.527
44663,4238,121,1,199.97,88.8084,55.75
44664,4238,122,1,322.539,292.592,96.2954
44665,4238,123,1,337.202,433.397,82.1045
44666,4238,124,1,199.355,216.875,125.691
44667,4238,125,0,271.229,157.993,91.2273
44668,4238,126,0,101.138,98.4388,133.8
44669,4238,127,0,335.93,403.298,117.582
44670,4238,128,0,229.024,356.885,81.0909
44671,4238,129,0,256.041,402.244,63.8591
44672,4238,130,0,252.175,123.051,113.527
44673,4239,121,1,528.68,111.15,55.75
44674,4239,122,1,840.518,354.835,96.2954
44675,4239,123,1,654.885,67.7969,82.1045
44676,4239,124,1,651.425,304.817,125.691
44677,4239,125,0,791.698,417.723,91.2273
44678,4239,126,0,622.651,263.683,133.8
44679,4239,127,0,714.697,250.779,117.582
44680,4239,128,0,774.522,329.642,81.0909
44681,4239,129,0,661.248,426.414,63.8591
44682,4239,130,0,796.473,38.4413,113.527
44683,4240,121,1,751.72,478.67,55.75
44684,4240,122,1,807.171,433.617,96.2954
44685,4240,123,1,559.019,123.073,82.1045
44686,4240,124,1,800.11,43.4977,125.691
44687,4240,125,0,807.009,247.77,91.2273
44688,4240,126,0,795.578,37.2307,133.8
44689,4240,127,0,573.115,40.4772,117.582
44690,4240,128,0,601.337,46.2686,81.0909
44691,4240,129,0,602.353,52.1332,63.8591
44692,4240,130,0,581.018,192.786,113.527
44693,4241,121,1,679.122,182.304,55.75
44694,4241,122,0,564.787,20.1636,96.2954
44695,4241,123,0,772.505,106.194,82.1045
44696,4241,124,0,704.047,168.693,125.691
44697,4241,125,1,525.474,88.0512,91.2273
44698,4241,126,1,724.746,386.941,133.8
44699,4241,127,0,627.564,361.453,117.582
44700,4241,128,0,827.209,262.388,81.0909
44701,4241,129,1,875.955,234.673,63.8591
44702,4241,130,0,647.752,117.248,113.527
44703,4242,121,1,827.929,87.8083,55.75
44704,4242,122,1,618.454,212.953,96.2954
44705,4242,123,1,549.634,243.345,82.1045
44706,4242,124,1,600.116,58.543,125.691
44707,4242,125,0,658.822,31.1911,91.2273
44708,4242,126,0,640.825,238.726,133.8
44709,4242,127,0,774.211,295.357,117.582
44710,4242,128,0,644.17,219.392,81.0909
44711,4242,129,0,611.925,362.887,63.8591
44712,4242,130,0,713.717,421.334,113.527
44713,4243,121,1,528.68,111.15,55.75
44714,4243,122,1,840.518,354.835,96.2954
44715,4243,123,1,654.885,67.7969,82.1045
44716,4243,124,1,651.425,304.817,125.691
44717,4243,125,0,791.698,417.723,91.2273
44718,4243,126,0,622.651,263.683,133.8
44719,4243,127,0,714.697,250.779,117.582
44720,4243,128,0,774.522,329.642,81.0909
44721,4243,129,0,661.248,426.414,63.8591
44722,4243,130,0,796.473,38.4413,113.527
44723,4244,121,1,766.701,390.299,55.75
44724,4244,122,0,674.775,82.7441,96.2954
44725,4244,123,0,850.563,377.82,82.1045
44726,4244,124,1,573.336,28.4123,125.691
44727,4244,125,0,511.943,303.197,91.2273
44728,4244,126,1,576.024,313.802,133.8
44729,4244,127,0,533.448,63.0971,117.582
44730,4244,128,0,555.976,330.984,81.0909
44731,4244,129,0,775.181,332.402,63.8591
44732,4244,130,0,605.003,176.89,113.527
44733,4245,121,1,726.999,264.963,55.75
44734,4245,122,1,550.476,215.848,96.2954
44735,4245,123,1,640.076,106.349,82.1045
44736,4245,124,1,667.62,355.813,125.691
44737,4245,125,0,677.964,218.428,91.2273
44738,4245,126,0,507.472,330.653,133.8
44739,4245,127,0,580.708,60.2151,117.582
44740,4245,128,0,813.356,209.611,81.0909
44741,4245,129,0,592.621,416.033,63.8591
44742,4245,130,0,747.411,311.615,113.527
44743,4246,121,1,661.092,41.4288,55.75
44744,4246,122,1,636.461,203.328,96.2954
44745,4246,123,1,846.273,154.361,82.1045
44746,4246,124,1,600.41,220.496,125.691
44747,4246,125,0,587.662,238.758,91.2273
44748,4246,126,0,687.749,157.558,133.8
44749,4246,127,0,567.447,104.513,117.582
44750,4246,128,0,831.938,107.668,81.0909
44751,4246,129,0,572.133,313.27,63.8591
44752,4246,130,0,745.183,389.457,113.527
44753,4247,121,1,817.489,419.102,55.75
44754,4247,122,0,815.057,277.846,96.2954
44755,4247,123,1,780.241,163.482,82.1045
44756,4247,124,0,523.777,412.994,125.691
44757,4247,125,0,534.977,214.042,91.2273
44758,4247,126,0,689.356,385.927,133.8
44759,4247,127,1,819.973,249.206,117.582
44760,4247,128,1,706.821,9.9491,81.0909
44761,4247,129,1,868.182,402.87,63.8591
44762,4247,130,0,547.27,133.35,113.527
44763,4248,121,1,698.707,412.846,55.75
44764,4248,122,1,514.645,23.8165,96.2954
44765,4248,123,1,815.762,298.609,82.1045
44766,4248,124,1,775.555,33.5838,125.691
44767,4248,125,0,835.791,86.2132,91.2273
44768,4248,126,0,786.038,260.746,133.8
44769,4248,127,0,533.247,392.168,117.582
44770,4248,128,0,693.358,411.841,81.0909
44771,4248,129,0,540.268,269.922,63.8591
44772,4248,130,0,670.885,271.837,113.527
44773,4249,121,1,842.069,166.911,55.75
44774,4249,122,0,774.361,417.233,96.2954
44775,4249,123,0,707.43,232.715,82.1045
44776,4249,124,1,531.733,83.3844,125.691
44777,4249,125,0,839.044,226.474,91.2273
44778,4249,126,1,570.434,390.645,133.8
44779,4249,127,0,562.13,403.456,117.582
44780,4249,128,0,528.394,323.257,81.0909
44781,4249,129,0,866.445,95.351,63.8591
44782,4249,130,0,793.227,104.434,113.527
44783,4250,121,1,728.054,475.012,55.75
44784,4250,122,1,673.895,274.613,96.2954
44785,4250,123,1,755.52,452.523,82.1045
44786,4250,124,1,572.311,188.144,125.691
44787,4250,125,0,645.245,396.356,91.2273
44788,4250,126,0,578.269,350.977,133.8
44789,4250,127,0,784.13,95.0235,117.582
44790,4250,128,0,675.399,376.179,81.0909
44791,4250,129,0,684.791,41.6795,63.8591
44792,4250,130,0,744.056,416.715,113.527
44793,4251,121,1,698.707,412.846,55.75
44794,4251,122,1,514.645,23.8165,96.2954
44795,4251,123,1,815.762,298.609,82.1045
44796,4251,124,1,775.555,33.5838,125.691
44797,4251,125,0,835.791,86.2132,91.2273
44798,4251,126,0,786.038,260.746,133.8
44799,4251,127,0,533.247,392.168,117.582
44800,4251,128,0,693.358,411.841,81.0909
44801,4251,129,0,540.268,269.922,63.8591
44802,4251,130,0,670.885,271.837,113.527
44803,4252,121,1,842.069,166.911,55.75
44804,4252,122,1,774.361,417.233,96.2954
44805,4252,123,1,707.43,232.715,82.1045
44806,4252,124,0,531.733,83.3844,125.691
44807,4252,125,0,839.044,226.474,91.2273
44808,4252,126,0,570.434,390.645,133.8
44809,4252,127,0,562.13,403.456,117.582
44810,4252,128,0,528.394,323.257,81.0909
44811,4252,129,0,866.445,95.351,63.8591
44812,4252,130,1,793.227,104.434,113.527
44813,4253,131,1,649.703,303.844,89.669
44814,4253,132,1,831.399,84.4522,98.2399
44815,4253,133,1,714.947,94.4398,116.476
44816,4253,134,0,803.358,11.7754,133.8
44817,4253,135,0,701.242,284.987,73.0742
44818,4253,136,0,539.582,60.0265,61.4032
44819,4253,137,0,510.293,61.1727,57.3912
44820,4253,138,0,807.422,276.519,98.0575
44821,4253,139,0,495.484,9.41315,55.75
44822,4253,140,0,729.66,365.083,55.9324
44823,4254,131,1,766.446,154.229,89.669
44824,4254,132,1,563.333,203.172,98.2399
44825,4254,133,1,633.609,95.2907,116.476
44826,4254,134,0,495.209,168.78,133.8
44827,4254,135,1,849.853,142.341,73.0742
44828,4254,136,1,520.729,288.755,61.4032
44829,4254,137,1,531.044,296.276,57.3912
44830,4254,138,0,839.351,62.9503,98.0575
44831,4254,139,1,721.703,319.119,55.75
44832,4254,140,1,543.41,252.811,55.9324
44833,4255,131,1,506.81,93.7994,89.669
44834,4255,132,1,687.731,188.253,98.2399
44835,4255,133,1,823.161,364.462,116.476
44836,4255,134,0,691.621,86.2124,133.8
44837,4255,135,1,496.21,357.895,73.0742
44838,4255,136,1,739.164,381.732,61.4032
44839,4255,137,1,790.38,192.369,57.3912
44840,4255,138,0,526.807,183.475,98.0575
44841,4255,139,1,604.26,138.766,55.75
44842,4255,140,1,633.515,291.368,55.9324
44843,4256,131,1,659.295,174.087,89.669
44844,4256,132,0,555.416,248.625,98.2399
44845,4256,133,1,810.482,269.653,116.476
44846,4256,134,1,617.064,108.431,133.8
44847,4256,135,0,777.826,383.897,73.0742
44848,4256,136,0,811.091,303.656,61.4032
44849,4256,137,1,736.552,102.419,57.3912
44850,4256,138,0,764.16,103.919,98.0575
44851,4256,139,0,532.148,377.084,55.75
44852,4256,140,0,862.88,94.3369,55.9324
44853,4257,131,1,743.614,383.744,89.669
44854,4257,132,0,701.881,115.518,98.2399
44855,4257,133,1,719.189,59.7518,116.476
44856,4257,134,1,623.958,363.679,133.8
44857,4257,135,0,666.781,309.786,73.0742
44858,4257,136,0,786.012,254.195,61.4032
44859,4257,137,0,610.984,424.652,57.3912
44860,4257,138,0,584.5,291.336,98.0575
44861,4257,139,1,615.25,225.338,55.75
44862,4257,140,1,680.183,343.28,55.9324
44863,4258,131,1,748.105,340.176,89.669
44864,4258,132,1,691.797,257.382,98.2399
44865,4258,133,1,782.773,19.6828,116.476
44866,4258,134,0,689.421,300.165,133.8
44867,4258,135,1,823.697,145.992,73.0742
44868,4258,136,1,532.031,64.6656,61.4032
44869,4258,137,1,521.25,182.185,57.3912
44870,4258,138,0,699.144,421.06,98.0575
44871,4258,139,1,663.841,86.6836,55.75
44872,4258,140,1,695.517,265.508,55.9324
44873,4259,131,1,120.382,15.1432,89.669
44874,4259,132,0,147.854,316.812,98.2399
44875,4259,133,1,255.919,17.8782,116.476
44876,4259,134,1,131.294,330.732,133.8
44877,4259,135,0,379.516,55.9192,73.0742
44878,4259,136,0,161.405,289.076,61.4032
44879,4259,137,1,124.646,461.275,57.3912
44880,4259,138,0,281.979,93.0364,98.0575
44881,4259,139,0,155.763,23.5457,55.75
44882,4259,140,0,165.978,287.523,55.9324
44883,4260,131,1,710.062,220.158,89.669
44884,4260,132,0,748.811,290.91,98.2399
44885,4260,133,1,592.493,164.014,116.476
44886,4260,134,1,721.679,347.75,133.8
44887,4260,135,0,859.872,6.57474,73.0742
44888,4260,136,0,689.058,403.382,61.4032
44889,4260,137,0,828.28,430.892,57.3912
44890,4260,138,0,740.256,313.278,98.0575
44891,4260,139,1,693.408,395.346,55.75
44892,4260,140,1,519.138,273.909,55.9324
44893,4261,131,1,506.81,93.7994,89.669
44894,4261,132,0,687.731,188.253,98.2399
44895,4261,133,1,823.161,364.462,116.476
44896,4261,134,1,691.621,86.2124,133.8
44897,4261,135,0,496.21,357.895,73.0742
44898,4261,136,0,739.164,381.732,61.4032
44899,4261,137,0,790.38,192.369,57.3912
44900,4261,138,0,526.807,183.475,98.0575
44901,4261,139,1,604.26,138.766,55.75
44902,4261,140,1,633.515,291.368,55.9324
44903,4262,131,1,611.229,67.5949,89.669
44904,4262,132,1,676.367,153.706,98.2399
44905,4262,133,1,695.738,75.8422,116.476
44906,4262,134,0,592.288,31.2784,133.8
44907,4262,135,1,818.814,156.249,73.0742
44908,4262,136,1,519.539,253.191,61.4032
44909,4262,137,1,783.097,123.946,57.3912
44910,4262,138,0,617.864,53.3303,98.0575
44911,4262,139,1,646.958,161.827,55.75
44912,4262,140,1,532.279,71.2604,55.9324
44913,4263,131,1,649.703,303.844,89.669
44914,4263,132,1,831.399,84.4522,98.2399
44915,4263,133,0,714.947,94.4398,116.476
44916,4263,134,1,803.358,11.7754,133.8
44917,4263,135,0,701.242,284.987,73.0742
44918,4263,136,1,539.582,60.0265,61.4032
44919,4263,137,1,510.293,61.1727,57.3912
44920,4263,138,0,807.422,276.519,98.0575
44921,4263,139,1,495.484,9.41315,55.75
44922,4263,140,1,729.66,365.083,55.9324
44923,4264,131,1,625.521,233.426,89.669
44924,4264,132,1,586.953,138.59,98.2399
44925,4264,133,0,595.094,213.152,116.476
44926,4264,134,1,716.721,196.529,133.8
44927,4264,135,1,538.349,354.262,73.0742
44928,4264,136,0,568.321,182.934,61.4032
44929,4264,137,0,881.001,89.2296,57.3912
44930,4264,138,0,569.757,112.643,98.0575
44931,4264,139,1,824.706,189.053,55.75
44932,4264,140,0,563.852,271.503,55.9324
44933,4265,131,1,588.683,55.2014,89.669
44934,4265,132,0,639.257,354.725,98.2399
44935,4265,133,1,578.073,330.308,116.476
44936,4265,134,1,707.334,217.867,133.8
44937,4265,135,0,824.683,54.84,73.0742
44938,4265,136,0,817.701,387.529,61.4032
44939,4265,137,0,856.762,349.935,57.3912
44940,4265,138,0,557.818,203.343,98.0575
44941,4265,139,1,543.893,87.4251,55.75
44942,4265,140,1,671.466,376.19,55.9324
44943,4266,131,0,604.224,11.9785,89.669
44944,4266,132,1,650.127,70.9598,98.2399
44945,4266,133,0,635.209,336.666,116.476
44946,4266,134,1,692.7,163.588,133.8
44947,4266,135,0,704.46,155.236,73.0742
44948,4266,136,0,519.296,78.4651,61.4032
44949,4266,137,0,855.61,116.874,57.3912
44950,4266,138,0,835.038,104.588,98.0575
44951,4266,139,0,728.393,18.2739,55.75
44952,4266,140,0,748.813,59.9851,55.9324
44953,4267,131,1,659.295,174.087,89.669
44954,4267,132,0,555.416,248.625,98.2399
44955,4267,133,1,810.482,269.653,116.476
44956,4267,134,1,617.064,108.431,133.8
44957,4267,135,0,777.826,383.897,73.0742
44958,4267,136,0,811.091,303.656,61.4032
44959,4267,137,0,736.552,102.419,57.3912
44960,4267,138,0,764.16,103.919,98.0575
44961,4267,139,1,532.148,377.084,55.75
44962,4267,140,1,862.88,94.3369,55.9324
44963,4268,131,1,701.088,343.635,89.669
44964,4268,132,1,497.796,388.479,98.2399
44965,4268,133,1,647.404,251.256,116.476
44966,4268,134,0,689.057,309.121,133.8
44967,4268,135,1,621.133,126.721,73.0742
44968,4268,136,1,561.196,189.795,61.4032
44969,4268,137,1,735.3,28.4874,57.3912
44970,4268,138,0,658.062,187.993,98.0575
44971,4268,139,1,638.501,365.048,55.75
44972,4268,140,1,677.756,200.531,55.9324
44973,4269,131,1,588.086,326.569,89.669
44974,4269,132,0,718.024,30.5735,98.2399
44975,4269,133,1,632.738,204.121,116.476
44976,4269,134,1,655.972,263.654,133.8
44977,4269,135,0,724.072,125.379,73.0742
44978,4269,136,0,619.121,306.041,61.4032
44979,4269,137,0,813.017,337.086,57.3912
44980,4269,138,0,632.42,348.246,98.0575
44981,4269,139,1,539.8,232.472,55.75
44982,4269,140,1,664.447,266.476,55.9324
44983,4270,131,1,609.664,383.877,89.669
44984,4270,132,0,508.337,138.104,98.2399
44985,4270,133,1,576.924,246.525,116.476
44986,4270,134,1,499.264,72.7213,133.8
44987,4270,135,0,691.664,57.9154,73.0742
44988,4270,136,0,522.294,45.8329,61.4032
44989,4270,137,0,606.215,355.046,57.3912
44990,4270,138,0,632.454,64.4808,98.0575
44991,4270,139,1,660.9,60.3796,55.75
44992,4270,140,1,816.246,26.2769,55.9324
44993,4271,131,1,688.95,371.48,89.669
44994,4271,132,1,596.427,166.364,98.2399
44995,4271,133,0,557.649,398.318,116.476
44996,4271,134,1,622.555,85.7602,133.8
44997,4271,135,1,727.67,338.8,73.0742
44998,4271,136,0,781.885,177.509,61.4032
44999,4271,137,0,810.943,229.355,57.3912
45000,4271,138,0,606.338,80.1706,98.0575
45001,4271,139,1,496.934,373.891,55.75
45002,4271,140,0,622.646,262.7,55.9324
45003,4272,131,1,588.683,55.2014,89.669
45004,4272,132,1,639.257,354.725,98.2399
45005,4272,133,0,578.073,330.308,116.476
45006,4272,134,1,707.334,217.867,133.8
45007,4272,135,1,824.683,54.84,73.0742
45008,4272,136,0,817.701,387.529,61.4032
45009,4272,137,0,856.762,349.935,57.3912
45010,4272,138,0,557.818,203.343,98.0575
45011,4272,139,1,543.893,87.4251,55.75
45012,4272,140,0,671.466,376.19,55.9324
45013,4273,131,1,185.748,279.465,89.669
45014,4273,132,1,240.67,345.696,98.2399
45015,4273,133,0,237.1,70.6369,116.476
45016,4273,134,1,177.768,293.506,133.8
45017,4273,135,1,301.521,296.489,73.0742
45018,4273,136,0,189.31,121.471,61.4032
45019,4273,137,0,153.346,339.358,57.3912
45020,4273,138,0,205.934,166.759,98.0575
45021,4273,139,1,309.69,106.601,55.75
45022,4273,140,0,400.578,65.8069,55.9324
45023,4274,131,0,779.648,279.787,89.669
45024,4274,132,0,545.325,86.7082,98.2399
45025,4274,133,0,634.733,317.525,116.476
45026,4274,134,0,511.724,223.069,133.8
45027,4274,135,0,637.879,392.863,73.0742
45028,4274,136,0,641.704,434.845,61.4032
45029,4274,137,0,494.694,440.133,57.3912
45030,4274,138,0,545.981,179.987,98.0575
45031,4274,139,0,881.817,302.6,55.75
45032,4274,140,0,858.924,58.834,55.9324
45033,4275,131,0,269.537,416.791,89.669
45034,4275,132,0,88.2336,345.574,98.2399
45035,4275,133,0,331.73,108.53,116.476
45036,4275,134,0,316.41,267.145,133.8
45037,4275,135,0,141.419,63.298,73.0742
45038,4275,136,0,173.637,243.933,61.4032
45039,4275,137,0,31.634,86.3033,57.3912
45040,4275,138,0,316.322,213.723,98.0575
45041,4275,139,0,205.758,335.871,55.75
45042,4275,140,0,129.045,468.664,55.9324
45043,4276,131,0,549.324,89.8366,89.669
45044,4276,132,0,835.359,118.875,98.2399
45045,4276,133,0,612.274,298.689,116.476
45046,4276,134,0,676.021,195.082,133.8
45047,4276,135,0,558.822,451.617,73.0742
45048,4276,136,0,835.219,168.678,61.4032
45049,4276,137,0,859.422,323.981,57.3912
45050,4276,138,0,692.778,218.725,98.0575
45051,4276,139,0,551.649,368.97,55.75
45052,4276,140,0,603.37,203.354,55.9324
45053,4277,141,1,565.376,268.049,117.149
45054,4277,142,0,572.889,65.5298,80.726
45055,4277,143,0,736.753,297.225,132.759
45056,4277,144,0,691.495,265.415,127.556
45057,4277,145,1,619.272,90.7427,107.783
45058,4277,146,1,531.975,165.816,78.6447
45059,4277,147,1,855.256,151.606,67.1974
45060,4277,148,1,638.581,198.885,105.702
45061,4277,149,1,611.245,293.241,55.75
45062,4277,150,1,760.756,379.892,133.8
45063,4278,141,1,797.399,284.739,117.149
45064,4278,142,0,837.417,326.175,80.726
45065,4278,143,0,783.515,327.674,132.759
45066,4278,144,0,500.087,370.77,127.556
45067,4278,145,1,721.237,344.294,107.783
45068,4278,146,1,856.92,80.6671,78.6447
45069,4278,147,1,692.489,94.3047,67.1974
45070,4278,148,1,615.452,380.223,105.702
45071,4278,149,1,840.117,65.6903,55.75
45072,4278,150,1,799.001,283.547,133.8
45073,4279,141,1,635.534,218.799,117.149
45074,4279,142,0,577.328,89.7599,80.726
45075,4279,143,0,562.456,320.05,132.759
45076,4279,144,0,693.628,55.7926,127.556
45077,4279,145,1,534.493,307.116,107.783
45078,4279,146,1,647.185,344.669,78.6447
45079,4279,147,1,698.357,191.276,67.1974
45080,4279,148,1,825.399,124.079,105.702
45081,4279,149,1,621.476,110.756,55.75
45082,4279,150,1,618.87,33.2227,133.8
45083,4280,141,1,667.08,107.086,117.149
45084,4280,142,0,854.503,86.6722,80.726
45085,4280,143,0,528.809,25.7553,132.759
45086,4280,144,0,786.504,353.341,127.556
45087,4280,145,1,687.291,421.388,107.783
45088,4280,146,1,657.238,205.305,78.6447
45089,4280,147,1,706.849,55.1111,67.1974
45090,4280,148,1,783.183,9.62189,105.702
45091,4280,149,1,495.401,401.034,55.75
45092,4280,150,1,574.473,56.0715,133.8
45093,4281,141,1,676.043,382.606,117.149
45094,4281,142,0,544.362,257.571,80.726
45095,4281,143,0,708.931,314.7,132.759
45096,4281,144,0,680.989,173.351,127.556
45097,4281,145,1,663.026,44.0369,107.783
45098,4281,146,1,568.775,266.339,78.6447
45099,4281,147,1,859.732,199.219,67.1974
45100,4281,148,1,495.321,27.7565,105.702
45101,4281,149,1,846.642,242.03,55.75
45102,4281,150,1,797.943,354.493,133.8
45103,4282,141,1,797.399,284.739,117.149
45104,4282,142,0,837.417,326.175,80.726
45105,4282,143,0,783.515,327.674,132.759
45106,4282,144,0,500.087,370.77,127.556
45107,4282,145,1,721.237,344.294,107.783
45108,4282,146,1,856.92,80.6671,78.6447
45109,4282,147,1,692.489,94.3047,67.1974
45110,4282,148,1,615.452,380.223,105.702
45111,4282,149,1,840.117,65.6903,55.75
45112,4282,150,1,799.001,283.547,133.8
45113,4283,141,1,513.168,179.407,117.149
45114,4283,142,0,614.86,418.069,80.726
45115,4283,143,0,756.509,15.0602,132.759
45116,4283,144,1,601.984,297.65,127.556
45117,4283,145,1,760.302,103.125,107.783
45118,4283,146,1,827.114,62.5929,78.6447
45119,4283,147,1,678.669,113.938,67.1974
45120,4283,148,1,691.624,428.44,105.702
45121,4283,149,1,570.77,289.961,55.75
45122,4283,150,0,651.682,71.5356,133.8
45123,4284,141,1,178.025,198.319,117.149
45124,4284,142,0,41.7191,346.678,80.726
45125,4284,143,0,246.101,398.393,132.759
45126,4284,144,0,196.455,408.555,127.556
45127,4284,145,1,291.858,227.923,107.783
45128,4284,146,1,74.8332,222.177,78.6447
45129,4284,147,1,134.398,424.255,67.1974
45130,4284,148,1,330.576,238.378,105.702
45131,4284,149,1,177.276,101.297,55.75
45132,4284,150,1,221.909,23.6272,133.8
45133,4285,141,1,565.376,268.049,117.149
45134,4285,142,0,572.889,65.5298,80.726
45135,4285,143,0,736.753,297.225,132.759
45136,4285,144,0,691.495,265.415,127.556
45137,4285,145,1,619.272,90.7427,107.783
45138,4285,146,1,531.975,165.816,78.6447
45139,4285,147,1,855.256,151.606,67.1974
45140,4285,148,1,638.581,198.885,105.702
45141,4285,149,1,611.245,293.241,55.75
45142,4285,150,1,760.756,379.892,133.8
45143,4286,141,1,661.695,297.214,117.149
45144,4286,142,0,820.776,142.89,80.726
45145,4286,143,0,632.832,237.588,132.759
45146,4286,144,0,806.127,101.459,127.556
45147,4286,145,1,607.43,213.629,107.783
45148,4286,146,1,821.899,332.69,78.6447
45149,4286,147,1,818.039,88.1053,67.1974
45150,4286,148,1,666.394,22.1109,105.702
45151,4286,149,1,827.114,360.177,55.75
45152,4286,150,1,503.134,245.473,133.8
45153,4287,141,1,694.758,416.532,117.149
45154,4287,142,0,636.582,393.721,80.726
45155,4287,143,0,727.497,78.2054,132.759
45156,4287,144,0,708.593,209.533,127.556
45157,4287,145,1,581.386,258.685,107.783
45158,4287,146,1,599.151,345.687,78.6447
45159,4287,147,1,754.12,447.71,67.1974
45160,4287,148,1,726.342,324.098,105.702
45161,4287,149,1,839.764,201.664,55.75
45162,4287,150,1,605.842,53.9462,133.8
45163,4288,141,1,527.671,188.339,117.149
45164,4288,142,1,737.881,384.499,80.726
45165,4288,143,0,497.379,392.393,132.759
45166,4288,144,0,629.594,344.65,127.556
45167,4288,145,1,727.732,260.969,107.783
45168,4288,146,1,557.405,395.462,78.6447
45169,4288,147,0,694.513,376.322,67.1974
45170,4288,148,1,696.901,126.162,105.702
45171,4288,149,1,788.55,481.316,55.75
45172,4288,150,1,587.267,39.2217,133.8
45173,4289,141,1,696.431,249.528,117.149
45174,4289,142,0,594.118,397.311,80.726
45175,4289,143,0,587.676,376.796,132.759
45176,4289,144,0,494.156,184.884,127.556
45177,4289,145,1,549.566,395.924,107.783
45178,4289,146,1,663.709,317.401,78.6447
45179,4289,147,1,780.614,469.368,67.1974
45180,4289,148,1,679.733,351.298,105.702
45181,4289,149,1,767.653,316.943,55.75
45182,4289,150,1,724.339,227.372,133.8
45183,4290,141,1,667.08,107.086,117.149
45184,4290,142,0,854.503,86.6722,80.726
45185,4290,143,0,528.809,25.7553,132.759
45186,4290,144,0,786.504,353.341,127.556
45187,4290,145,1,687.291,421.388,107.783
45188,4290,146,1,657.238,205.305,78.6447
45189,4290,147,1,706.849,55.1111,67.1974
45190,4290,148,1,783.183,9.62189,105.702
45191,4290,149,1,495.401,401.034,55.75
45192,4290,150,1,574.473,56.0715,133.8
45193,4291,141,1,696.431,249.528,117.149
45194,4291,142,0,594.118,397.311,80.726
45195,4291,143,0,587.676,376.796,132.759
45196,4291,144,0,494.156,184.884,127.556
45197,4291,145,1,549.566,395.924,107.783
45198,4291,146,1,663.709,317.401,78.6447
45199,4291,147,1,780.614,469.368,67.1974
45200,4291,148,1,679.733,351.298,105.702
45201,4291,149,1,767.653,316.943,55.75
45202,4291,150,1,724.339,227.372,133.8
45203,4292,141,1,696.431,249.528,117.149
45204,4292,142,0,594.118,397.311,80.726
45205,4292,143,0,587.676,376.796,132.759
45206,4292,144,0,494.156,184.884,127.556
45207,4292,145,1,549.566,395.924,107.783
45208,4292,146,1,663.709,317.401,78.6447
45209,4292,147,1,780.614,469.368,67.1974
45210,4292,148,1,679.733,351.298,105.702
45211,4292,149,1,767.653,316.943,55.75
45212,4292,150,1,724.339,227.372,133.8
45213,4293,141,1,648.328,378.981,117.149
45214,4293,142,0,637.064,209.069,80.726
45215,4293,143,0,530.165,264.043,132.759
45216,4293,144,0,790.177,31.251,127.556
45217,4293,145,1,781.443,304.615,107.783
45218,4293,146,1,823.765,266.755,78.6447
45219,4293,147,1,740.935,260.56,67.1974
45220,4293,148,1,566.701,289.589,105.702
45221,4293,149,1,553.661,21.3803,55.75
45222,4293,150,1,582.792,228.337,133.8
45223,4294,141,1,694.758,416.532,117.149
45224,4294,142,0,636.582,393.721,80.726
45225,4294,143,0,727.497,78.2054,132.759
45226,4294,144,0,708.593,209.533,127.556
45227,4294,145,1,581.386,258.685,107.783
45228,4294,146,1,599.151,345.687,78.6447
45229,4294,147,1,754.12,447.71,67.1974
45230,4294,148,1,726.342,324.098,105.702
45231,4294,149,1,839.764,201.664,55.75
45232,4294,150,1,605.842,53.9462,133.8
45233,4295,141,1,683.207,123.961,117.149
45234,4295,142,0,835.737,155.004,80.726
45235,4295,143,0,524.264,164.002,132.759
45236,4295,144,0,720.221,285.908,127.556
45237,4295,145,1,804.244,123.713,107.783
45238,4295,146,1,713.007,191.624,78.6447
45239,4295,147,1,642.004,163.984,67.1974
45240,4295,148,1,645.524,114.8,105.702
45241,4295,149,1,659.56,202.379,55.75
45242,4295,150,1,519.817,299.102,133.8
45243,4296,141,1,773.75,218.457,117.149
45244,4296,142,0,550.767,117.884,80.726
45245,4296,143,0,732.848,303.832,132.759
45246,4296,144,0,784.547,171.146,127.556
45247,4296,145,1,783.487,401.971,107.783
45248,4296,146,1,800.366,410.005,78.6447
45249,4296,147,1,635.085,419.766,67.1974
45250,4296,148,1,723.687,70.6685,105.702
45251,4296,149,1,633.528,287.201,55.75
45252,4296,150,1,625.463,107.622,133.8
45253,4297,151,1,744.732,70.7635,105.589
45254,4297,152,0,505.655,74.5404,111.231
45255,4297,153,0,537.782,238.124,133.8
45256,4297,154,0,607.07,114.02,117.814
45257,4297,155,1,787.198,432.165,55.75
45258,4297,156,0,544.023,43.9261,112.172
45259,4297,157,0,594.6,236.767,131.919
45260,4297,158,1,655.771,26.33,100.887
45261,4297,159,1,780.262,96.0974,57.6307
45262,4297,160,1,601.255,129.858,81.1398
45263,4298,151,1,682.293,418.398,105.589
45264,4298,152,0,799.602,254.151,111.231
45265,4298,153,0,554.964,225.497,133.8
45266,4298,154,0,795.09,367.262,117.814
45267,4298,155,1,584.793,427.461,55.75
45268,4298,156,0,716.757,231.857,112.172
45269,4298,157,0,667.904,260.098,131.919
45270,4298,158,1,776.05,295.938,100.887
45271,4298,159,1,554.397,246.491,57.6307
45272,4298,160,1,621.351,83.0484,81.1398
45273,4299,151,1,744.732,70.7635,105.589
45274,4299,152,0,505.655,74.5404,111.231
45275,4299,153,0,537.782,238.124,133.8
45276,4299,154,0,607.07,114.02,117.814
45277,4299,155,1,787.198,432.165,55.75
45278,4299,156,0,544.023,43.9261,112.172
45279,4299,157,0,594.6,236.767,131.919
45280,4299,158,1,655.771,26.33,100.887
45281,4299,159,1,780.262,96.0974,57.6307
45282,4299,160,1,601.255,129.858,81.1398
45283,4300,151,1,832.212,431.621,105.589
45284,4300,152,0,609.084,32.5826,111.231
45285,4300,153,0,556.931,305.889,133.8
45286,4300,154,0,770.924,169.175,117.814
45287,4300,155,1,580.547,344.964,55.75
45288,4300,156,0,563.702,191.262,112.172
45289,4300,157,0,720.344,30.2936,131.919
45290,4300,158,1,607.046,426.702,100.887
45291,4300,159,1,871.458,350.356,57.6307
45292,4300,160,1,522.721,415.432,81.1398
45293,4301,151,1,550.485,257.153,105.589
45294,4301,152,0,697.235,167.176,111.231
45295,4301,153,0,623.737,207.597,133.8
45296,4301,154,0,791.989,210.848,117.814
45297,4301,155,1,581.734,156.62,55.75
45298,4301,156,0,592.852,358.047,112.172
45299,4301,157,0,588.401,267.238,131.919
45300,4301,158,1,624.633,364.322,100.887
45301,4301,159,1,519.789,468.521,57.6307
45302,4301,160,1,735.88,121.145,81.1398
45303,4302,151,1,550.485,257.153,105.589
45304,4302,152,0,697.235,167.176,111.231
45305,4302,153,0,623.737,207.597,133.8
45306,4302,154,0,791.989,210.848,117.814
45307,4302,155,1,581.734,156.62,55.75
45308,4302,156,0,592.852,358.047,112.172
45309,4302,157,0,588.401,267.238,131.919
45310,4302,158,1,624.633,364.322,100.887
45311,4302,159,1,519.789,468.521,57.6307
45312,4302,160,1,735.88,121.145,81.1398
45313,4303,151,1,252.955,293.299,105.589
45314,4303,152,0,186.822,66.3152,111.231
45315,4303,153,0,311.662,367.511,133.8
45316,4303,154,0,127.7,421.028,117.814
45317,4303,155,1,374.94,256.634,55.75
45318,4303,156,0,251.49,78.6478,112.172
45319,4303,157,0,106.426,123.347,131.919
45320,4303,158,1,58.439,105.512,100.887
45321,4303,159,1,295.671,94.648,57.6307
45322,4303,160,1,352.282,291.273,81.1398
45323,4304,151,1,515.129,109.521,105.589
45324,4304,152,0,781.118,266.734,111.231
45325,4304,153,0,628.469,285.945,133.8
45326,4304,154,0,543.597,288.604,117.814
45327,4304,155,1,731.381,410.913,55.75
45328,4304,156,0,636.055,403.818,112.172
45329,4304,157,0,565.881,248.036,131.919
45330,4304,158,1,772.476,323.992,100.887
45331,4304,159,1,741.273,281.633,57.6307
45332,4304,160,1,807.315,165.207,81.1398
45333,4305,151,1,798.127,289.733,105.589
45334,4305,152,0,772.243,104.718,111.231
45335,4305,153,0,724.348,47.1801,133.8
45336,4305,154,0,627.962,200.371,117.814
45337,4305,155,1,625.132,215.211,55.75
45338,4305,156,0,645.056,41.912,112.172
45339,4305,157,0,555.985,333.539,131.919
45340,4305,158,1,534.474,310.552,100.887
45341,4305,159,1,710.812,132.003,57.6307
45342,4305,160,1,799.27,270.291,81.1398
45343,4306,151,1,731.515,406.286,105.589
45344,4306,152,0,598.092,277.086,111.231
45345,4306,153,0,511.4,131.219,133.8
45346,4306,154,0,680.232,152.795,117.814
45347,4306,155,1,825.371,386.683,55.75
45348,4306,156,0,785.809,367.062,112.172
45349,4306,157,0,678.942,81.3702,131.919
45350,4306,158,1,681.089,398.507,100.887
45351,4306,159,1,753.218,133.444,57.6307
45352,4306,160,1,696.669,98.4962,81.1398
45353,4307,151,1,87.9985,42.3856,105.589
45354,4307,152,0,303.498,343.867,111.231
45355,4307,153,0,327.125,201.675,133.8
45356,4307,154,0,56.1298,270.566,117.814
45357,4307,155,1,340.033,179.752,55.75
45358,4307,156,0,225.46,49.0157,112.172
45359,4307,157,0,242.868,87.5577,131.919
45360,4307,158,1,186.809,155.128,100.887
45361,4307,159,1,308.414,136.39,57.6307
45362,4307,160,1,186.244,428.769,81.1398
45363,4308,151,1,571.875,60.7232,105.589
45364,4308,152,0,586.388,283.903,111.231
45365,4308,153,0,805.021,133.46,133.8
45366,4308,154,0,545.886,260.569,117.814
45367,4308,155,1,513.995,222.705,55.75
45368,4308,156,0,546.658,260.667,112.172
45369,4308,157,0,745.07,309.74,131.919
45370,4308,158,1,698.546,228.842,100.887
45371,4308,159,1,751.909,253.931,57.6307
45372,4308,160,1,632.18,313.433,81.1398
45373,4309,151,1,732.004,112.642,105.589
45374,4309,152,0,644.362,307.619,111.231
45375,4309,153,0,658.233,195.825,133.8
45376,4309,154,0,663.97,14.2123,117.814
45377,4309,155,1,601.592,416.713,55.75
45378,4309,156,0,657.301,130.007,112.172
45379,4309,157,0,716.993,192.444,131.919
45380,4309,158,1,506.181,313.912,100.887
45381,4309,159,1,747.236,302.15,57.6307
45382,4309,160,1,766.163,338.138,81.1398
45383,4310,151,1,810.829,64.6627,105.589
45384,4310,152,0,733.74,393.324,111.231
45385,4310,153,0,772.963,145.511,133.8
45386,4310,154,0,553.422,296.272,117.814
45387,4310,155,1,860.855,37.4008,55.75
45388,4310,156,0,538.601,57.2393,112.172
45389,4310,157,0,509.766,376.788,131.919
45390,4310,158,0,705.209,102.524,100.887
45391,4310,159,1,532.432,453.761,57.6307
45392,4310,160,1,795.688,173.098,81.1398
45393,4311,151,1,744.732,70.7635,105.589
45394,4311,152,0,505.655,74.5404,111.231
45395,4311,153,0,537.782,238.124,133.8
45396,4311,154,0,607.07,114.02,117.814
45397,4311,155,1,787.198,432.165,55.75
45398,4311,156,0,544.023,43.9261,112.172
45399,4311,157,0,594.6,236.767,131.919
45400,4311,158,1,655.771,26.33,100.887
45401,4311,159,1,780.262,96.0974,57.6307
45402,4311,160,1,601.255,129.858,81.1398
45403,4312,151,1,504.294,391.671,105.589
45404,4312,152,0,825.156,195.924,111.231
45405,4312,153,0,539.8,129.194,133.8
45406,4312,154,0,693.73,250.563,117.814
45407,4312,155,1,580.065,469.369,55.75
45408,4312,156,0,810.204,399.868,112.172
45409,4312,157,0,749.598,224.07,131.919
45410,4312,158,1,777.202,219.053,100.887
45411,4312,159,1,880.388,246.605,57.6307
45412,4312,160,1,842.387,307.949,81.1398
45413,4313,151,1,687.576,239.179,105.589
45414,4313,152,0,512.625,54.1673,111.231
45415,4313,153,0,619.751,123.258,133.8
45416,4313,154,0,641.707,199.475,117.814
45417,4313,155,1,712.592,353.418,55.75
45418,4313,156,0,719.653,420.964,112.172
45419,4313,157,0,632.529,169.717,131.919
45420,4313,158,1,636.351,410.07,100.887
45421,4313,159,1,860.388,371.611,57.6307
45422,4313,160,1,852.151,276.238,81.1398
45423,4314,151,1,732.004,112.642,105.589
45424,4314,152,0,644.362,307.619,111.231
45425,4314,153,0,658.233,195.825,133.8
45426,4314,154,0,663.97,14.2123,117.814
45427,4314,155,1,601.592,416.713,55.75
45428,4314,156,0,657.301,130.007,112.172
45429,4314,157,0,716.993,192.444,131.919
45430,4314,158,1,506.181,313.912,100.887
45431,4314,159,1,747.236,302.15,57.6307
45432,4314,160,1,766.163,338.138,81.1398
45433,4315,151,1,682.293,418.398,105.589
45434,4315,152,0,799.602,254.151,111.231
45435,4315,153,0,554.964,225.497,133.8
45436,4315,154,0,795.09,367.262,117.814
45437,4315,155,1,584.793,427.461,55.75
45438,4315,156,0,716.757,231.857,112.172
45439,4315,157,0,667.904,260.098,131.919
45440,4315,158,1,776.05,295.938,100.887
45441,4315,159,1,554.397,246.491,57.6307
45442,4315,160,1,621.351,83.0484,81.1398
45443,4316,151,1,602.559,404.403,105.589
45444,4316,152,0,641.136,359.508,111.231
45445,4316,153,0,649.543,316.686,133.8
45446,4316,154,0,784.813,298.846,117.814
45447,4316,155,1,735.202,91.2765,55.75
45448,4316,156,0,502.785,166.878,112.172
45449,4316,157,0,569.683,122.407,131.919
45450,4316,158,1,769.708,51.2292,100.887
45451,4316,159,1,567.027,275.134,57.6307
45452,4316,160,1,745.946,9.25946,81.1398
45453,4317,151,1,810.829,64.6627,105.589
45455,4317,152,0,733.74,393.324,111.231
45457,4317,153,0,772.963,145.511,133.8
45459,4317,154,0,553.422,296.272,117.814
45461,4317,155,1,860.855,37.4008,55.75
45463,4317,156,0,538.601,57.2393,112.172
45465,4317,157,0,509.766,376.788,131.919
45467,4317,158,1,705.209,102.524,100.887
45469,4317,159,1,532.432,453.761,57.6307
45471,4317,160,1,795.688,173.098,81.1398
45454,4318,151,1,711.411,221.339,105.589
45456,4318,152,0,522.652,113.032,111.231
45458,4318,153,0,541.763,369.788,133.8
45460,4318,154,0,552.272,145.863,117.814
45462,4318,155,1,623.135,193.913,55.75
45464,4318,156,0,617.367,59.4491,112.172
45466,4318,157,0,725.751,70.3633,131.919
45468,4318,158,1,571.599,393.419,100.887
45470,4318,159,1,564.466,49.2062,57.6307
45472,4318,160,1,740.767,205.951,81.1398
45473,4319,151,1,757.64,121.098,105.589
45474,4319,152,0,600.875,279.329,111.231
45475,4319,153,0,708.803,308.785,133.8
45476,4319,154,0,651.981,55.5114,117.814
45477,4319,155,1,797.538,53.795,55.75
45478,4319,156,0,621.263,221.585,112.172
45479,4319,157,0,571.81,240.8,131.919
45480,4319,158,1,760.924,263.627,100.887
45481,4319,159,1,517.75,255.37,57.6307
45482,4319,160,1,806.94,337.173,81.1398
45483,4320,161,1,661.516,185.254,74.8643
45484,4320,162,1,553.475,24.9974,103.536
45485,4320,163,1,605.411,247.146,55.75
45486,4320,164,1,583.267,305.046,69.2893
45487,4320,165,1,551.306,176.677,105.129
45488,4320,166,1,650.85,209.064,60.5286
45489,4320,167,0,688.181,109.491,133.8
45490,4320,168,1,643.86,68.1713,72.475
45491,4320,169,0,700.482,363.066,86.0143
45492,4320,170,1,711.84,14.8652,126.632
45493,4321,161,1,600.029,107.269,74.8643
45494,4321,162,1,512.906,382.994,103.536
45495,4321,163,1,796.827,268.884,55.75
45496,4321,164,1,636.033,128.737,69.2893
45497,4321,165,1,511.921,395.888,105.129
45498,4321,166,1,613.451,229.408,60.5286
45499,4321,167,0,681.862,248.757,133.8
45500,4321,168,1,821.54,99.9533,72.475
45501,4321,169,0,697.624,246.742,86.0143
45502,4321,170,1,687.638,326.062,126.632
45503,4322,161,1,831.53,382.627,74.8643
45504,4322,162,1,751.32,290.218,103.536
45505,4322,163,1,726.609,237.862,55.75
45506,4322,164,1,565.767,219.088,69.2893
45507,4322,165,1,656.888,235.694,105.129
45508,4322,166,1,542.42,112.259,60.5286
45509,4322,167,0,554.097,379.597,133.8
45510,4322,168,1,838.488,75.9461,72.475
45511,4322,169,0,575.138,330.944,86.0143
45512,4322,170,1,792.851,367.604,126.632
45513,4323,161,1,682.881,336.774,74.8643
45514,4323,162,1,735.57,18.5457,103.536
45515,4323,163,1,850.539,68.346,55.75
45516,4323,164,1,771.44,363.139,69.2893
45517,4323,165,1,536.134,165.568,105.129
45518,4323,166,1,675.145,371.652,60.5286
45519,4323,167,0,557.326,252.144,133.8
45520,4323,168,1,497.408,417.039,72.475
45521,4323,169,0,787.82,23.9662,86.0143
45522,4323,170,1,644.399,381.468,126.632
45523,4324,161,1,158.179,361.696,74.8643
45524,4324,162,1,135.725,225.12,103.536
45525,4324,163,1,339.364,129.673,55.75
45526,4324,164,1,87.4505,135.174,69.2893
45527,4324,165,1,46.5628,140.492,105.129
45528,4324,166,1,182.912,129.083,60.5286
45529,4324,167,0,318.052,43.7503,133.8
45530,4324,168,1,281.061,301.345,72.475
45531,4324,169,0,45.5828,134.359,86.0143
45532,4324,170,1,170.309,317.357,126.632
45533,4325,161,1,800.695,311.877,74.8643
45534,4325,162,1,573.948,80.6423,103.536
45535,4325,163,1,643.423,172.564,55.75
45536,4325,164,1,736.827,175.526,69.2893
45537,4325,165,1,820.323,136.455,105.129
45538,4325,166,1,635.448,410.588,60.5286
45539,4325,167,0,576.399,141.178,133.8
45540,4325,168,1,663.164,324.823,72.475
45541,4325,169,0,853.276,31.5576,86.0143
45542,4325,170,1,570.509,50.1299,126.632
45543,4326,161,1,352.647,409.501,74.8643
45544,4326,162,1,216.42,57.6728,103.536
45545,4326,163,1,292.625,467.374,55.75
45546,4326,164,1,147.236,284.352,69.2893
45547,4326,165,1,47.2249,313.016,105.129
45548,4326,166,1,267.867,72.4765,60.5286
45549,4326,167,0,182.896,16.3175,133.8
45550,4326,168,1,155.387,207.796,72.475
45551,4326,169,0,65.7192,384.281,86.0143
45552,4326,170,1,167.365,322.699,126.632
45553,4327,161,1,728.043,66.7312,74.8643
45554,4327,162,1,657.974,61.3075,103.536
45555,4327,163,1,773.04,206.551,55.75
45556,4327,164,1,751.275,148.878,69.2893
45557,4327,165,1,569.069,82.5989,105.129
45558,4327,166,1,633.945,87.0616,60.5286
45559,4327,167,0,747.178,242.885,133.8
45560,4327,168,1,720.655,80.8356,72.475
45561,4327,169,0,523.532,233.091,86.0143
45562,4327,170,1,701.039,131.71,126.632
45563,4328,161,1,574.707,293.546,74.8643
45564,4328,162,1,612.806,358.865,103.536
45565,4328,163,1,624.213,173.744,55.75
45566,4328,164,1,766.516,140.27,69.2893
45567,4328,165,1,626.891,133.07,105.129
45568,4328,166,1,593.786,76.4797,60.5286
45569,4328,167,0,583.132,372.13,133.8
45570,4328,168,1,763.397,210.588,72.475
45571,4328,169,0,691.201,346.338,86.0143
45572,4328,170,1,508.338,303.086,126.632
45573,4329,161,1,646.262,199.479,74.8643
45574,4329,162,1,824.869,138.641,103.536
45575,4329,163,1,574.998,60.3942,55.75
45576,4329,164,1,691.65,410.784,69.2893
45577,4329,165,1,525.525,155.687,105.129
45578,4329,166,1,712.816,45.6534,60.5286
45579,4329,167,0,507.969,278.615,133.8
45580,4329,168,1,761.048,378.412,72.475
45581,4329,169,0,796.857,124.979,86.0143
45582,4329,170,1,551,314.287,126.632
45583,4330,161,1,627.022,41.1769,74.8643
45584,4330,162,1,564.86,144.393,103.536
45585,4330,163,1,848.394,55.0294,55.75
45586,4330,164,1,510.147,183.559,69.2893
45587,4330,165,1,640.764,69.1857,105.129
45588,4330,166,1,541.796,143.283,60.5286
45589,4330,167,0,604.269,240.884,133.8
45590,4330,168,1,743.575,10.686,72.475
45591,4330,169,0,762.947,92.8292,86.0143
45592,4330,170,1,513.559,64.3779,126.632
45593,4331,161,1,646.262,199.479,74.8643
45594,4331,162,1,824.869,138.641,103.536
45595,4331,163,1,574.998,60.3942,55.75
45596,4331,164,1,691.65,410.784,69.2893
45597,4331,165,1,525.525,155.687,105.129
45598,4331,166,1,712.816,45.6534,60.5286
45599,4331,167,0,507.969,278.615,133.8
45600,4331,168,1,761.048,378.412,72.475
45601,4331,169,0,796.857,124.979,86.0143
45602,4331,170,1,551,314.287,126.632
45603,4332,161,1,775.277,72.85,74.8643
45604,4332,162,1,625.545,221.791,103.536
45605,4332,163,1,765.376,370.081,55.75
45606,4332,164,1,785.022,156.637,69.2893
45607,4332,165,1,545.839,278.874,105.129
45608,4332,166,1,577.722,357.335,60.5286
45609,4332,167,0,547.812,134.662,133.8
45610,4332,168,1,508.451,180.956,72.475
45611,4332,169,0,702.034,137.885,86.0143
45612,4332,170,1,697.142,20.7691,126.632
45613,4333,161,1,790.099,185.677,74.8643
45614,4333,162,1,526.693,339.357,103.536
45615,4333,163,1,878.512,413.521,55.75
45616,4333,164,1,637.921,163.911,69.2893
45617,4333,165,1,626.91,9.50015,105.129
45618,4333,166,1,587.013,231.204,60.5286
45619,4333,167,0,551.395,309.79,133.8
45620,4333,168,1,556.019,346.205,72.475
45621,4333,169,0,521.239,156.83,86.0143
45622,4333,170,1,783.01,16.9415,126.632
45623,4334,161,1,664.761,153.077,74.8643
45624,4334,162,1,829.885,260.558,103.536
45625,4334,163,1,757.105,426.366,55.75
45626,4334,164,1,850.04,435.258,69.2893
45627,4334,165,1,534.563,313.596,105.129
45628,4334,166,1,833.118,328.001,60.5286
45629,4334,167,0,618.394,331.546,133.8
45630,4334,168,1,532.58,20.1825,72.475
45631,4334,169,0,719.582,183.007,86.0143
45632,4334,170,1,762.481,31.1683,126.632
45633,4335,161,1,600.029,107.269,74.8643
45634,4335,162,1,512.906,382.994,103.536
45635,4335,163,1,796.827,268.884,55.75
45636,4335,164,1,636.033,128.737,69.2893
45637,4335,165,1,511.921,395.888,105.129
45638,4335,166,1,613.451,229.408,60.5286
45639,4335,167,0,681.862,248.757,133.8
45640,4335,168,1,821.54,99.9533,72.475
45641,4335,169,0,697.624,246.742,86.0143
45642,4335,170,1,687.638,326.062,126.632
45643,4336,161,1,646.262,199.479,74.8643
45644,4336,162,1,824.869,138.641,103.536
45645,4336,163,1,574.998,60.3942,55.75
45646,4336,164,1,691.65,410.784,69.2893
45647,4336,165,1,525.525,155.687,105.129
45648,4336,166,1,712.816,45.6534,60.5286
45649,4336,167,0,507.969,278.615,133.8
45650,4336,168,1,761.048,378.412,72.475
45651,4336,169,0,796.857,124.979,86.0143
45652,4336,170,1,551,314.287,126.632
45653,4337,161,1,792.557,330.416,74.8643
45654,4337,162,1,648.072,187.427,103.536
45655,4337,163,1,779.852,303.781,55.75
45656,4337,164,1,850.102,11.4925,69.2893
45657,4337,165,1,825.04,162.977,105.129
45658,4337,166,1,717.707,146.192,60.5286
45659,4337,167,0,647.952,128.319,133.8
45660,4337,168,1,861.821,88.2241,72.475
45661,4337,169,0,746.07,139.807,86.0143
45662,4337,170,1,520.176,235.565,126.632
45663,4338,161,1,709.051,169.534,74.8643
45664,4338,162,1,704.677,168.875,103.536
45665,4338,163,1,646.458,429.234,55.75
45666,4338,164,1,787.608,406.568,69.2893
45667,4338,165,1,529.939,398.61,105.129
45668,4338,166,1,831.056,135.016,60.5286
45669,4338,167,0,494.788,268.584,133.8
45670,4338,168,1,608.914,299.575,72.475
45671,4338,169,0,802.86,120.792,86.0143
45672,4338,170,1,788.266,313.506,126.632
45673,4339,161,1,500.606,116.713,74.8643
45674,4339,162,0,566.402,143.035,103.536
45675,4339,163,1,831.244,255.68,55.75
45676,4339,164,1,559.992,117.272,69.2893
45677,4339,165,0,711.003,213.01,105.129
45678,4339,166,1,497.468,174.956,60.5286
45679,4339,167,1,651.056,260.768,133.8
45680,4339,168,1,810.97,340.973,72.475
45681,4339,169,0,628.874,383.902,86.0143
45682,4339,170,1,682.399,127.352,126.632
45683,4340,161,1,709.051,169.534,74.8643
45684,4340,162,1,704.677,168.875,103.536
45685,4340,163,1,646.458,429.234,55.75
45686,4340,164,1,787.608,406.568,69.2893
45687,4340,165,1,529.939,398.61,105.129
45688,4340,166,1,831.056,135.016,60.5286
45689,4340,167,0,494.788,268.584,133.8
45690,4340,168,1,608.914,299.575,72.475
45691,4340,169,0,802.86,120.792,86.0143
45692,4340,170,1,788.266,313.506,126.632
45693,4341,161,1,739.497,429.89,74.8643
45694,4341,162,1,613.72,105.033,103.536
45695,4341,163,1,840.94,35.5797,55.75
45696,4341,164,1,831.248,223.353,69.2893
45697,4341,165,1,657.058,403.66,105.129
45698,4341,166,1,562.5,78.4043,60.5286
45699,4341,167,0,741.749,324.094,133.8
45700,4341,168,1,602.278,359.689,72.475
45701,4341,169,0,557.474,201.148,86.0143
45702,4341,170,1,682.413,103.326,126.632
45703,4342,161,1,618.611,365.657,74.8643
45704,4342,162,1,683.441,356.393,103.536
45705,4342,163,1,852.01,442.026,55.75
45706,4342,164,1,817.438,354.651,69.2893
45707,4342,165,1,558.63,186.989,105.129
45708,4342,166,1,681.804,304.269,60.5286
45709,4342,167,0,591.907,88.0136,133.8
45710,4342,168,1,804.473,372.909,72.475
45711,4342,169,0,587.041,44.6171,86.0143
45712,4342,170,1,649.64,37.1835,126.632