# initial holdings -- begin,,,,,,,,,,,,,,,,,
account,email,owner,marketplace,session,cash,Share,,,,,,,,,,,
roused-nipper,Surfer1@bmm,4876,342,6206,2500,4,,,,,,,,,,,
roused-nipper,Surfer2@bmm,4877,342,6206,5000,2,,,,,,,,,,,
roused-nipper,Surfer3@bmm,4878,342,6206,2500,4,,,,,,,,,,,
roused-nipper,Surfer4@bmm,4879,342,6206,5000,2,,,,,,,,,,,
roused-nipper,Surfer5@bmm,4880,342,6206,2500,4,,,,,,,,,,,
roused-nipper,Surfer6@bmm,4881,342,6206,5000,2,,,,,,,,,,,
roused-nipper,Surfer7@bmm,4882,342,6206,2500,4,,,,,,,,,,,
roused-nipper,Surfer8@bmm,4883,342,6206,5000,2,,,,,,,,,,,
roused-nipper,Surfer9@bmm,4884,342,6206,2500,4,,,,,,,,,,,
roused-nipper,Surfer10@bmm,4885,342,6206,5000,2,,,,,,,,,,,
roused-nipper,Surfer11@bmm,4886,342,6206,2500,4,,,,,,,,,,,
roused-nipper,Surfer12@bmm,4887,342,6206,5000,2,,,,,,,,,,,
roused-nipper,Surfer13@bmm,4888,342,6206,2500,4,,,,,,,,,,,
roused-nipper,Surfer14@bmm,4889,342,6206,5000,2,,,,,,,,,,,
roused-nipper,Surfer15@bmm,4890,342,6206,2500,4,,,,,,,,,,,
roused-nipper,Surfer16@bmm,4891,342,6206,5000,2,,,,,,,,,,,
roused-nipper,Surfer17@bmm,4892,342,6206,2500,4,,,,,,,,,,,
roused-nipper,Surfer18@bmm,4893,342,6206,5000,2,,,,,,,,,,,
roused-nipper,Surfer19@bmm,4894,342,6206,2500,4,,,,,,,,,,,
roused-nipper,Surfer20@bmm,4895,342,6206,5000,2,,,,,,,,,,,
roused-nipper,Surfer21@bmm,4896,342,6206,2500,4,,,,,,,,,,,
roused-nipper,Surfer22@bmm,4897,342,6206,5000,2,,,,,,,,,,,
roused-nipper,Surfer23@bmm,4942,342,6206,2500,4,,,,,,,,,,,
roused-nipper,Surfer24@bmm,4943,342,6206,5000,2,,,,,,,,,,,
roused-nipper,Surfer25@bmm,4953,342,6206,2500,4,,,,,,,,,,,
# initial holdings -- end,,,,,,,,,,,,,,,,,
,,,,,,,,,,,,,,,,,
,,,,,,,,,,,,,,,,,
,,,,,,,,,,,,,,,,,
# orders -- begin,,,,,,,,,,,,,,,,,
account,email,owner,marketplace,session,period,market,target,order,original,supplier,consumer,type,side,units,price,createdDate,lastModifiedDate
# orders -- end,,,,,,,,,,,,,,,,,
,,,,,,,,,,,,,,,,,
,,,,,,,,,,,,,,,,,
,,,,,,,,,,,,,,,,,
# final holdings -- begin,,,,,,,,,,,,,,,,,
account,email,owner,marketplace,session,cash,Share,,,,,,,,,,,
roused-nipper,Surfer1@bmm,4876,342,6206,2500,4,,,,,,,,,,,
roused-nipper,Surfer2@bmm,4877,342,6206,5000,2,,,,,,,,,,,
roused-nipper,Surfer3@bmm,4878,342,6206,2500,4,,,,,,,,,,,
roused-nipper,Surfer4@bmm,4879,342,6206,5000,2,,,,,,,,,,,
roused-nipper,Surfer5@bmm,4880,342,6206,2500,4,,,,,,,,,,,
roused-nipper,Surfer6@bmm,4881,342,6206,5000,2,,,,,,,,,,,
roused-nipper,Surfer7@bmm,4882,342,6206,2500,4,,,,,,,,,,,
roused-nipper,Surfer8@bmm,4883,342,6206,5000,2,,,,,,,,,,,
roused-nipper,Surfer9@bmm,4884,342,6206,2500,4,,,,,,,,,,,
roused-nipper,Surfer10@bmm,4885,342,6206,5000,2,,,,,,,,,,,
roused-nipper,Surfer11@bmm,4886,342,6206,2500,4,,,,,,,,,,,
roused-nipper,Surfer12@bmm,4887,342,6206,5000,2,,,,,,,,,,,
roused-nipper,Surfer13@bmm,4888,342,6206,2500,4,,,,,,,,,,,
roused-nipper,Surfer14@bmm,4889,342,6206,5000,2,,,,,,,,,,,
roused-nipper,Surfer15@bmm,4890,342,6206,2500,4,,,,,,,,,,,
roused-nipper,Surfer16@bmm,4891,342,6206,5000,2,,,,,,,,,,,
roused-nipper,Surfer17@bmm,4892,342,6206,2500,4,,,,,,,,,,,
roused-nipper,Surfer18@bmm,4893,342,6206,5000,2,,,,,,,,,,,
roused-nipper,Surfer19@bmm,4894,342,6206,2500,4,,,,,,,,,,,
roused-nipper,Surfer20@bmm,4895,342,6206,5000,2,,,,,,,,,,,
roused-nipper,Surfer21@bmm,4896,342,6206,2500,4,,,,,,,,,,,
roused-nipper,Surfer22@bmm,4897,342,6206,5000,2,,,,,,,,,,,
roused-nipper,Surfer23@bmm,4942,342,6206,2500,4,,,,,,,,,,,
roused-nipper,Surfer24@bmm,4943,342,6206,5000,2,,,,,,,,,,,
roused-nipper,Surfer25@bmm,4953,342,6206,2500,4,,,,,,,,,,,
# final holdings -- end,,,,,,,,,,,,,,,,,
# initial holdings -- begin,,,,,,,,,,,,,,,,,
account,email,owner,marketplace,session,cash,Share,,,,,,,,,,,
roused-nipper,Surfer1@bmm,4876,342,6224,2500,4,,,,,,,,,,,
roused-nipper,Surfer2@bmm,4877,342,6224,5000,2,,,,,,,,,,,
roused-nipper,Surfer3@bmm,4878,342,6224,2500,4,,,,,,,,,,,
roused-nipper,Surfer4@bmm,4879,342,6224,5000,2,,,,,,,,,,,
roused-nipper,Surfer5@bmm,4880,342,6224,2500,4,,,,,,,,,,,
roused-nipper,Surfer6@bmm,4881,342,6224,5000,2,,,,,,,,,,,
roused-nipper,Surfer7@bmm,4882,342,6224,2500,4,,,,,,,,,,,
roused-nipper,Surfer8@bmm,4883,342,6224,5000,2,,,,,,,,,,,
roused-nipper,Surfer9@bmm,4884,342,6224,2500,4,,,,,,,,,,,
roused-nipper,Surfer10@bmm,4885,342,6224,5000,2,,,,,,,,,,,
roused-nipper,Surfer11@bmm,4886,342,6224,2500,4,,,,,,,,,,,
roused-nipper,Surfer12@bmm,4887,342,6224,5000,2,,,,,,,,,,,
roused-nipper,Surfer13@bmm,4888,342,6224,2500,4,,,,,,,,,,,
roused-nipper,Surfer14@bmm,4889,342,6224,5000,2,,,,,,,,,,,
roused-nipper,Surfer15@bmm,4890,342,6224,2500,4,,,,,,,,,,,
roused-nipper,Surfer16@bmm,4891,342,6224,5000,2,,,,,,,,,,,
roused-nipper,Surfer17@bmm,4892,342,6224,2500,4,,,,,,,,,,,
roused-nipper,Surfer18@bmm,4893,342,6224,5000,2,,,,,,,,,,,
roused-nipper,Surfer19@bmm,4894,342,6224,2500,4,,,,,,,,,,,
roused-nipper,Surfer20@bmm,4895,342,6224,5000,2,,,,,,,,,,,
roused-nipper,Surfer21@bmm,4896,342,6224,2500,4,,,,,,,,,,,
roused-nipper,Surfer22@bmm,4897,342,6224,5000,2,,,,,,,,,,,
roused-nipper,Surfer23@bmm,4942,342,6224,2500,4,,,,,,,,,,,
roused-nipper,Surfer24@bmm,4943,342,6224,5000,2,,,,,,,,,,,
roused-nipper,Surfer25@bmm,4953,342,6224,2500,4,,,,,,,,,,,
# initial holdings -- end,,,,,,,,,,,,,,,,,
,,,,,,,,,,,,,,,,,
,,,,,,,,,,,,,,,,,
,,,,,,,,,,,,,,,,,
# orders -- begin,,,,,,,,,,,,,,,,,
account,email,owner,marketplace,session,period,market,target,order,original,supplier,consumer,type,side,units,price,createdDate,lastModifiedDate
roused-nipper,Surfer20@bmm,4895,342,6224,6224,674,NULL,1008370,1008370,1008370,1008375,LIMIT,BUY,1,450,2018-08-14T00:43:04.405,2018-08-14T00:43:43.877
roused-nipper,Surfer8@bmm,4883,342,6224,6224,674,NULL,1008371,1008371,1008371,1008381,LIMIT,BUY,1,1000,2018-08-14T00:43:29.891,2018-08-14T00:44:19.558
roused-nipper,Surfer6@bmm,4881,342,6224,6224,674,NULL,1008372,1008372,1008372,1008386,LIMIT,BUY,1,530,2018-08-14T00:43:30.210,2018-08-14T00:44:29.757
roused-nipper,Surfer8@bmm,4883,342,6224,6224,674,NULL,1008373,1008373,1008373,1008396,LIMIT,BUY,1,1010,2018-08-14T00:43:38.790,2018-08-14T00:45:00.040
roused-nipper,Surfer8@bmm,4883,342,6224,6224,674,NULL,1008374,1008374,1008374,1008414,LIMIT,BUY,1,1020,2018-08-14T00:43:43.824,2018-08-14T00:45:45.685
roused-nipper,Surfer20@bmm,4895,342,6224,6224,674,NULL,1008375,1008370,1008370,1008370,CANCEL,BUY,1,450,2018-08-14T00:43:43.873,2018-08-14T00:43:43.877
roused-nipper,Surfer17@bmm,4892,342,6224,6224,674,NULL,1008376,1008376,1008376,1008410,LIMIT,BUY,1,540,2018-08-14T00:43:47.325,2018-08-14T00:45:36.911
roused-nipper,Surfer21@bmm,4896,342,6224,6224,674,NULL,1008377,1008377,1008377,1008389,LIMIT,BUY,1,1010,2018-08-14T00:43:50.582,2018-08-14T00:44:31.391
roused-nipper,Surfer7@bmm,4882,342,6224,6224,674,NULL,1008378,1008378,1008378,1008509,LIMIT,SELL,1,1350,2018-08-14T00:44:03.039,2018-08-14T00:48:12.317
roused-nipper,Surfer8@bmm,4883,342,6224,6224,674,NULL,1008379,1008379,1008379,1008415,LIMIT,BUY,1,1050,2018-08-14T00:44:07.374,2018-08-14T00:45:46.371
roused-nipper,Surfer7@bmm,4882,342,6224,6224,674,NULL,1008380,1008380,1008380,1008383,LIMIT,BUY,1,1100,2018-08-14T00:44:16.241,2018-08-14T00:44:21.016
roused-nipper,Surfer8@bmm,4883,342,6224,6224,674,NULL,1008381,1008371,1008371,1008371,CANCEL,BUY,1,1000,2018-08-14T00:44:19.554,2018-08-14T00:44:19.558
roused-nipper,Surfer2@bmm,4877,342,6224,6224,674,NULL,1008382,1008382,1008382,0,LIMIT,SELL,1,680,2018-08-14T00:44:21.008,2018-08-14T00:44:21.016
roused-nipper,Surfer2@bmm,4877,342,6224,6224,674,NULL,1008383,1008382,1008382,1008380,LIMIT,SELL,1,1100,2018-08-14T00:44:21.013,2018-08-14T00:44:21.016
roused-nipper,Surfer18@bmm,4893,342,6224,6224,674,NULL,1008384,1008384,1008384,1008458,LIMIT,BUY,1,1110,2018-08-14T00:44:22.894,2018-08-14T00:46:47.687
roused-nipper,Surfer8@bmm,4883,342,6224,6224,674,NULL,1008385,1008385,1008385,1008417,LIMIT,BUY,1,1100,2018-08-14T00:44:26.818,2018-08-14T00:45:47.748
roused-nipper,Surfer6@bmm,4881,342,6224,6224,674,NULL,1008386,1008372,1008372,1008372,CANCEL,BUY,1,530,2018-08-14T00:44:29.753,2018-08-14T00:44:29.757
roused-nipper,Surfer3@bmm,4878,342,6224,6224,674,NULL,1008387,1008387,1008387,1008395,LIMIT,BUY,1,1050,2018-08-14T00:44:30.246,2018-08-14T00:44:55.965
roused-nipper,Surfer18@bmm,4893,342,6224,6224,674,NULL,1008388,1008388,1008388,1008456,LIMIT,BUY,1,1110,2018-08-14T00:44:30.900,2018-08-14T00:46:46.988
roused-nipper,Surfer21@bmm,4896,342,6224,6224,674,NULL,1008389,1008377,1008377,1008377,CANCEL,BUY,1,1010,2018-08-14T00:44:31.387,2018-08-14T00:44:31.391
roused-nipper,Surfer18@bmm,4893,342,6224,6224,674,NULL,1008390,1008390,1008390,1008455,LIMIT,BUY,1,1110,2018-08-14T00:44:33.699,2018-08-14T00:46:46.131
roused-nipper,Surfer6@bmm,4881,342,6224,6224,674,NULL,1008391,1008391,1008391,1008403,LIMIT,BUY,1,1110,2018-08-14T00:44:42.681,2018-08-14T00:45:09.950
roused-nipper,Surfer21@bmm,4896,342,6224,6224,674,NULL,1008392,1008392,1008392,1008400,LIMIT,BUY,1,1150,2018-08-14T00:44:45.668,2018-08-14T00:45:02.824
roused-nipper,Surfer6@bmm,4881,342,6224,6224,674,NULL,1008393,1008393,1008393,1008419,LIMIT,SELL,1,1290,2018-08-14T00:44:48.127,2018-08-14T00:45:53.840
roused-nipper,Surfer3@bmm,4878,342,6224,6224,674,NULL,1008394,1008394,1008394,1008418,LIMIT,SELL,1,1350,2018-08-14T00:44:49.739,2018-08-14T00:45:50.682
roused-nipper,Surfer3@bmm,4878,342,6224,6224,674,NULL,1008395,1008387,1008387,1008387,CANCEL,BUY,1,1050,2018-08-14T00:44:55.933,2018-08-14T00:44:55.965
roused-nipper,Surfer8@bmm,4883,342,6224,6224,674,NULL,1008396,1008373,1008373,1008373,CANCEL,BUY,1,1010,2018-08-14T00:45:00.035,2018-08-14T00:45:00.040
roused-nipper,Surfer18@bmm,4893,342,6224,6224,674,NULL,1008397,1008397,1008397,1008618,LIMIT,SELL,1,1280,2018-08-14T00:45:01.880,2018-08-14T00:51:41.476
roused-nipper,Surfer12@bmm,4887,342,6224,6224,674,NULL,1008398,1008398,1008398,1008443,LIMIT,SELL,1,1280,2018-08-14T00:45:02.179,2018-08-14T00:46:38.520
roused-nipper,Surfer2@bmm,4877,342,6224,6224,674,NULL,1008399,1008399,1008399,0,LIMIT,SELL,1,680,2018-08-14T00:45:02.817,2018-08-14T00:45:02.824
roused-nipper,Surfer2@bmm,4877,342,6224,6224,674,NULL,1008400,1008399,1008399,1008392,LIMIT,SELL,1,1150,2018-08-14T00:45:02.822,2018-08-14T00:45:02.824
roused-nipper,Surfer18@bmm,4893,342,6224,6224,674,NULL,1008401,1008401,1008401,1008616,LIMIT,SELL,1,1280,2018-08-14T00:45:03.026,2018-08-14T00:51:40.573
roused-nipper,Surfer3@bmm,4878,342,6224,6224,674,NULL,1008402,1008402,1008402,1008423,LIMIT,BUY,1,1120,2018-08-14T00:45:09.939,2018-08-14T00:45:58.739
roused-nipper,Surfer6@bmm,4881,342,6224,6224,674,NULL,1008403,1008391,1008391,1008391,CANCEL,BUY,1,1110,2018-08-14T00:45:09.943,2018-08-14T00:45:09.950
roused-nipper,Surfer8@bmm,4883,342,6224,6224,674,NULL,1008404,1008404,1008404,1008405,LIMIT,BUY,1,1120,2018-08-14T00:45:10.972,2018-08-14T00:45:16.765
roused-nipper,Surfer8@bmm,4883,342,6224,6224,674,NULL,1008405,1008404,1008404,1008404,CANCEL,BUY,1,1120,2018-08-14T00:45:16.761,2018-08-14T00:45:16.765
roused-nipper,Surfer8@bmm,4883,342,6224,6224,674,NULL,1008406,1008406,1008406,1008422,LIMIT,BUY,1,1130,2018-08-14T00:45:17.586,2018-08-14T00:45:58.492
roused-nipper,Surfer6@bmm,4881,342,6224,6224,674,NULL,1008407,1008407,1008407,1008482,LIMIT,BUY,1,1150,2018-08-14T00:45:19.536,2018-08-14T00:47:30.989
roused-nipper,Surfer13@bmm,4888,342,6224,6224,674,NULL,1008408,1008408,1008408,NULL,LIMIT,BUY,1,670,2018-08-14T00:45:19.872,2018-08-14T00:45:19.874
roused-nipper,Surfer7@bmm,4882,342,6224,6224,674,NULL,1008409,1008409,1008409,1008463,LIMIT,BUY,1,1140,2018-08-14T00:45:22.087,2018-08-14T00:46:53.215
roused-nipper,Surfer17@bmm,4892,342,6224,6224,674,NULL,1008410,1008376,1008376,1008376,CANCEL,BUY,1,540,2018-08-14T00:45:36.907,2018-08-14T00:45:36.911
roused-nipper,Surfer17@bmm,4892,342,6224,6224,674,NULL,1008411,1008376,1008376,1008411,CANCEL,BUY,1,540,2018-08-14T00:45:37.156,2018-08-14T00:45:37.160
roused-nipper,Surfer4@bmm,4879,342,6224,6224,674,NULL,1008412,1008412,1008412,1008413,LIMIT,BUY,1,1200,2018-08-14T00:45:39.050,2018-08-14T00:45:42.629
roused-nipper,Surfer21@bmm,4896,342,6224,6224,674,NULL,1008413,1008413,1008413,1008412,LIMIT,SELL,1,1200,2018-08-14T00:45:42.624,2018-08-14T00:45:42.629
roused-nipper,Surfer8@bmm,4883,342,6224,6224,674,NULL,1008414,1008374,1008374,1008374,CANCEL,BUY,1,1020,2018-08-14T00:45:45.681,2018-08-14T00:45:45.685
roused-nipper,Surfer8@bmm,4883,342,6224,6224,674,NULL,1008415,1008379,1008379,1008379,CANCEL,BUY,1,1050,2018-08-14T00:45:46.367,2018-08-14T00:45:46.371
roused-nipper,Surfer7@bmm,4882,342,6224,6224,674,NULL,1008416,1008416,1008416,1008520,LIMIT,SELL,1,1270,2018-08-14T00:45:46.800,2018-08-14T00:48:38.002
roused-nipper,Surfer8@bmm,4883,342,6224,6224,674,NULL,1008417,1008385,1008385,1008385,CANCEL,BUY,1,1100,2018-08-14T00:45:47.744,2018-08-14T00:45:47.748
roused-nipper,Surfer3@bmm,4878,342,6224,6224,674,NULL,1008418,1008394,1008394,1008394,CANCEL,SELL,1,1350,2018-08-14T00:45:50.678,2018-08-14T00:45:50.682
roused-nipper,Surfer6@bmm,4881,342,6224,6224,674,NULL,1008419,1008393,1008393,1008393,CANCEL,SELL,1,1290,2018-08-14T00:45:53.836,2018-08-14T00:45:53.840
roused-nipper,Surfer6@bmm,4881,342,6224,6224,674,NULL,1008420,1008420,1008420,1008472,LIMIT,SELL,1,1270,2018-08-14T00:45:56.808,2018-08-14T00:47:02.096
roused-nipper,Surfer8@bmm,4883,342,6224,6224,674,NULL,1008421,1008421,1008421,1008440,LIMIT,BUY,1,1170,2018-08-14T00:45:57.062,2018-08-14T00:46:32.632
roused-nipper,Surfer8@bmm,4883,342,6224,6224,674,NULL,1008422,1008406,1008406,1008406,CANCEL,BUY,1,1130,2018-08-14T00:45:58.488,2018-08-14T00:45:58.492
roused-nipper,Surfer3@bmm,4878,342,6224,6224,674,NULL,1008423,1008402,1008402,1008402,CANCEL,BUY,1,1120,2018-08-14T00:45:58.735,2018-08-14T00:45:58.738
roused-nipper,Surfer5@bmm,4880,342,6224,6224,674,NULL,1008424,1008424,1008424,1008429,LIMIT,BUY,1,1200,2018-08-14T00:46:03.803,2018-08-14T00:46:19.406
roused-nipper,Surfer3@bmm,4878,342,6224,6224,674,NULL,1008425,1008425,1008425,1008469,LIMIT,BUY,1,1150,2018-08-14T00:46:06.482,2018-08-14T00:47:00.215
roused-nipper,Surfer21@bmm,4896,342,6224,6224,674,NULL,1008426,1008426,1008426,1008473,LIMIT,SELL,1,1260,2018-08-14T00:46:06.901,2018-08-14T00:47:04.160
roused-nipper,Surfer17@bmm,4892,342,6224,6224,674,NULL,1008427,1008427,1008427,1008508,LIMIT,BUY,1,1100,2018-08-14T00:46:09.408,2018-08-14T00:48:12.066
roused-nipper,Surfer8@bmm,4883,342,6224,6224,674,NULL,1008428,1008428,1008428,1008485,LIMIT,SELL,1,1230,2018-08-14T00:46:15.744,2018-08-14T00:47:39.950
roused-nipper,Surfer17@bmm,4892,342,6224,6224,674,NULL,1008429,1008429,1008429,1008424,LIMIT,SELL,1,1200,2018-08-14T00:46:19.079,2018-08-14T00:46:19.406
roused-nipper,Surfer3@bmm,4878,342,6224,6224,674,NULL,1008430,1008430,1008430,1008445,LIMIT,SELL,1,1260,2018-08-14T00:46:23.212,2018-08-14T00:46:38.647
roused-nipper,Surfer2@bmm,4877,342,6224,6224,674,NULL,1008431,1008431,1008431,1008434,LIMIT,BUY,1,1220,2018-08-14T00:46:25.007,2018-08-14T00:46:27.845
roused-nipper,Surfer7@bmm,4882,342,6224,6224,674,NULL,1008432,1008432,1008432,NULL,LIMIT,SELL,1,1230,2018-08-14T00:46:25.764,2018-08-14T00:46:25.798
roused-nipper,Surfer2@bmm,4877,342,6224,6224,674,NULL,1008433,1008433,1008433,1008461,LIMIT,BUY,1,1220,2018-08-14T00:46:27.751,2018-08-14T00:46:50.006
roused-nipper,Surfer5@bmm,4880,342,6224,6224,674,NULL,1008434,1008434,1008434,1008431,LIMIT,SELL,1,1220,2018-08-14T00:46:27.840,2018-08-14T00:46:27.845
roused-nipper,Surfer2@bmm,4877,342,6224,6224,674,NULL,1008435,1008435,1008435,1008466,LIMIT,BUY,1,1220,2018-08-14T00:46:28.938,2018-08-14T00:46:58.268
roused-nipper,Surfer8@bmm,4883,342,6224,6224,674,NULL,1008436,1008436,1008436,1008450,LIMIT,BUY,1,1200,2018-08-14T00:46:30.235,2018-08-14T00:46:43.564
roused-nipper,Surfer2@bmm,4877,342,6224,6224,674,NULL,1008437,1008437,1008437,1008467,LIMIT,BUY,1,1220,2018-08-14T00:46:30.288,2018-08-14T00:46:58.480
roused-nipper,Surfer2@bmm,4877,342,6224,6224,674,NULL,1008438,1008438,1008438,1008468,LIMIT,BUY,1,1220,2018-08-14T00:46:32.476,2018-08-14T00:46:58.696
roused-nipper,Surfer21@bmm,4896,342,6224,6224,674,NULL,1008439,1008439,1008439,1008442,LIMIT,BUY,1,1210,2018-08-14T00:46:32.498,2018-08-14T00:46:38.503
roused-nipper,Surfer8@bmm,4883,342,6224,6224,674,NULL,1008440,1008421,1008421,1008421,CANCEL,BUY,1,1170,2018-08-14T00:46:32.628,2018-08-14T00:46:32.632
roused-nipper,Surfer17@bmm,4892,342,6224,6224,674,NULL,1008441,1008441,1008441,1008541,LIMIT,SELL,1,1250,2018-08-14T00:46:33.932,2018-08-14T00:49:03.500
roused-nipper,Surfer21@bmm,4896,342,6224,6224,674,NULL,1008442,1008439,1008439,1008439,CANCEL,BUY,1,1210,2018-08-14T00:46:38.496,2018-08-14T00:46:38.502
roused-nipper,Surfer12@bmm,4887,342,6224,6224,674,NULL,1008443,1008398,1008398,1008398,CANCEL,SELL,1,1280,2018-08-14T00:46:38.511,2018-08-14T00:46:38.520
roused-nipper,Surfer21@bmm,4896,342,6224,6224,674,NULL,1008444,1008439,1008439,1008444,CANCEL,BUY,1,1210,2018-08-14T00:46:38.528,2018-08-14T00:46:38.531
roused-nipper,Surfer3@bmm,4878,342,6224,6224,674,NULL,1008445,1008430,1008430,1008430,CANCEL,SELL,1,1260,2018-08-14T00:46:38.643,2018-08-14T00:46:38.647
roused-nipper,Surfer21@bmm,4896,342,6224,6224,674,NULL,1008446,1008439,1008439,1008446,CANCEL,BUY,1,1210,2018-08-14T00:46:38.666,2018-08-14T00:46:38.675
roused-nipper,Surfer21@bmm,4896,342,6224,6224,674,NULL,1008447,1008439,1008439,1008447,CANCEL,BUY,1,1210,2018-08-14T00:46:38.747,2018-08-14T00:46:38.750
roused-nipper,Surfer3@bmm,4878,342,6224,6224,674,NULL,1008448,1008448,1008448,1008503,LIMIT,SELL,1,1250,2018-08-14T00:46:40.016,2018-08-14T00:48:07.192
roused-nipper,Surfer2@bmm,4877,342,6224,6224,674,NULL,1008449,1008449,1008449,NULL,LIMIT,SELL,1,1230,2018-08-14T00:46:42.595,2018-08-14T00:46:42.597
roused-nipper,Surfer8@bmm,4883,342,6224,6224,674,NULL,1008450,1008436,1008436,1008436,CANCEL,BUY,1,1200,2018-08-14T00:46:43.559,2018-08-14T00:46:43.564
roused-nipper,Surfer18@bmm,4893,342,6224,6224,674,NULL,1008451,1008451,1008451,1008597,LIMIT,BUY,1,1200,2018-08-14T00:46:43.671,2018-08-14T00:50:49.273
roused-nipper,Surfer16@bmm,4891,342,6224,6224,674,NULL,1008452,1008452,1008452,1008483,LIMIT,BUY,1,1100,2018-08-14T00:46:44.557,2018-08-14T00:47:35.478
roused-nipper,Surfer21@bmm,4896,342,6224,6224,674,NULL,1008453,1008453,1008453,1008481,LIMIT,BUY,1,1220,2018-08-14T00:46:45.897,2018-08-14T00:47:28.303
roused-nipper,Surfer8@bmm,4883,342,6224,6224,674,NULL,1008454,1008454,1008454,1008504,LIMIT,BUY,1,1210,2018-08-14T00:46:45.982,2018-08-14T00:48:08.159
roused-nipper,Surfer18@bmm,4893,342,6224,6224,674,NULL,1008455,1008390,1008390,1008390,CANCEL,BUY,1,1110,2018-08-14T00:46:46.126,2018-08-14T00:46:46.131
roused-nipper,Surfer18@bmm,4893,342,6224,6224,674,NULL,1008456,1008388,1008388,1008388,CANCEL,BUY,1,1110,2018-08-14T00:46:46.982,2018-08-14T00:46:46.987
roused-nipper,Surfer18@bmm,4893,342,6224,6224,674,NULL,1008457,1008388,1008388,1008457,CANCEL,BUY,1,1110,2018-08-14T00:46:47.234,2018-08-14T00:46:47.238
roused-nipper,Surfer18@bmm,4893,342,6224,6224,674,NULL,1008458,1008384,1008384,1008384,CANCEL,BUY,1,1110,2018-08-14T00:46:47.683,2018-08-14T00:46:47.687
roused-nipper,Surfer18@bmm,4893,342,6224,6224,674,NULL,1008459,1008384,1008384,1008459,CANCEL,BUY,1,1110,2018-08-14T00:46:47.813,2018-08-14T00:46:47.817
roused-nipper,Surfer16@bmm,4891,342,6224,6224,674,NULL,1008460,1008460,1008460,1008462,LIMIT,BUY,1,1100,2018-08-14T00:46:48.051,2018-08-14T00:46:52.807
roused-nipper,Surfer5@bmm,4880,342,6224,6224,674,NULL,1008461,1008461,1008461,1008433,LIMIT,SELL,1,1220,2018-08-14T00:46:50.002,2018-08-14T00:46:50.006
roused-nipper,Surfer16@bmm,4891,342,6224,6224,674,NULL,1008462,1008460,1008460,1008460,CANCEL,BUY,1,1100,2018-08-14T00:46:52.802,2018-08-14T00:46:52.807
roused-nipper,Surfer7@bmm,4882,342,6224,6224,674,NULL,1008463,1008409,1008409,1008409,CANCEL,BUY,1,1140,2018-08-14T00:46:53.211,2018-08-14T00:46:53.215
roused-nipper,Surfer3@bmm,4878,342,6224,6224,674,NULL,1008464,1008464,1008464,1008474,LIMIT,BUY,1,1160,2018-08-14T00:46:55.148,2018-08-14T00:47:15.061
roused-nipper,Surfer7@bmm,4882,342,6224,6224,674,NULL,1008465,1008465,1008465,NULL,LIMIT,BUY,1,1180,2018-08-14T00:46:55.433,2018-08-14T00:46:55.435
roused-nipper,Surfer21@bmm,4896,342,6224,6224,674,NULL,1008466,1008466,1008466,1008435,LIMIT,SELL,1,1220,2018-08-14T00:46:58.262,2018-08-14T00:46:58.268
roused-nipper,Surfer21@bmm,4896,342,6224,6224,674,NULL,1008467,1008467,1008467,1008437,LIMIT,SELL,1,1220,2018-08-14T00:46:58.475,2018-08-14T00:46:58.480
roused-nipper,Surfer21@bmm,4896,342,6224,6224,674,NULL,1008468,1008468,1008468,1008438,LIMIT,SELL,1,1220,2018-08-14T00:46:58.692,2018-08-14T00:46:58.696
roused-nipper,Surfer3@bmm,4878,342,6224,6224,674,NULL,1008469,1008425,1008425,1008425,CANCEL,BUY,1,1150,2018-08-14T00:47:00.211,2018-08-14T00:47:00.215
roused-nipper,Surfer6@bmm,4881,342,6224,6224,674,NULL,1008470,1008470,1008470,1008514,LIMIT,SELL,1,1240,2018-08-14T00:47:00.749,2018-08-14T00:48:19.111
roused-nipper,Surfer9@bmm,4884,342,6224,6224,674,NULL,1008471,1008471,1008471,1008528,LIMIT,SELL,1,1250,2018-08-14T00:47:01.607,2018-08-14T00:48:46.865
roused-nipper,Surfer6@bmm,4881,342,6224,6224,674,NULL,1008472,1008420,1008420,1008420,CANCEL,SELL,1,1270,2018-08-14T00:47:02.092,2018-08-14T00:47:02.096
roused-nipper,Surfer21@bmm,4896,342,6224,6224,674,NULL,1008473,1008426,1008426,1008426,CANCEL,SELL,1,1260,2018-08-14T00:47:04.156,2018-08-14T00:47:04.160
roused-nipper,Surfer3@bmm,4878,342,6224,6224,674,NULL,1008474,1008464,1008464,1008464,CANCEL,BUY,1,1160,2018-08-14T00:47:15.057,2018-08-14T00:47:15.061
roused-nipper,Surfer3@bmm,4878,342,6224,6224,674,NULL,1008475,1008475,1008475,1008494,LIMIT,BUY,1,1180,2018-08-14T00:47:17.882,2018-08-14T00:47:52.702
roused-nipper,Surfer8@bmm,4883,342,6224,6224,674,NULL,1008476,1008476,1008476,1008489,LIMIT,BUY,1,1220,2018-08-14T00:47:18.870,2018-08-14T00:47:42.918
roused-nipper,Surfer8@bmm,4883,342,6224,6224,674,NULL,1008477,1008477,1008477,1008631,LIMIT,SELL,1,1230,2018-08-14T00:47:23.444,2018-08-14T00:51:59.859
roused-nipper,Surfer16@bmm,4891,342,6224,6224,674,NULL,1008478,1008478,1008478,1008488,LIMIT,BUY,1,1220,2018-08-14T00:47:24.737,2018-08-14T00:47:42.372
roused-nipper,Surfer15@bmm,4890,342,6224,6224,674,NULL,1008479,1008479,1008479,NULL,LIMIT,SELL,1,1230,2018-08-14T00:47:26.639,2018-08-14T00:47:26.641
roused-nipper,Surfer5@bmm,4880,342,6224,6224,674,NULL,1008480,1008480,1008480,1008505,LIMIT,BUY,1,1210,2018-08-14T00:47:28.136,2018-08-14T00:48:08.313
roused-nipper,Surfer7@bmm,4882,342,6224,6224,674,NULL,1008481,1008481,1008481,1008453,LIMIT,SELL,1,1220,2018-08-14T00:47:28.298,2018-08-14T00:47:28.303
roused-nipper,Surfer6@bmm,4881,342,6224,6224,674,NULL,1008482,1008407,1008407,1008407,CANCEL,BUY,1,1150,2018-08-14T00:47:30.984,2018-08-14T00:47:30.988
roused-nipper,Surfer16@bmm,4891,342,6224,6224,674,NULL,1008483,1008452,1008452,1008452,CANCEL,BUY,1,1100,2018-08-14T00:47:35.474,2018-08-14T00:47:35.478
roused-nipper,Surfer6@bmm,4881,342,6224,6224,674,NULL,1008484,1008484,1008484,1008499,LIMIT,BUY,1,1200,2018-08-14T00:47:39.734,2018-08-14T00:48:00.073
roused-nipper,Surfer16@bmm,4891,342,6224,6224,674,NULL,1008485,1008485,1008485,1008428,LIMIT,BUY,1,1230,2018-08-14T00:47:39.946,2018-08-14T00:47:39.950
roused-nipper,Surfer6@bmm,4881,342,6224,6224,674,NULL,1008486,1008486,1008486,1008491,LIMIT,BUY,1,1200,2018-08-14T00:47:40.260,2018-08-14T00:47:44.595
roused-nipper,Surfer6@bmm,4881,342,6224,6224,674,NULL,1008487,1008487,1008487,1008490,LIMIT,BUY,1,1200,2018-08-14T00:47:40.893,2018-08-14T00:47:44.221
roused-nipper,Surfer16@bmm,4891,342,6224,6224,674,NULL,1008488,1008478,1008478,1008478,CANCEL,BUY,1,1220,2018-08-14T00:47:42.368,2018-08-14T00:47:42.372
roused-nipper,Surfer7@bmm,4882,342,6224,6224,674,NULL,1008489,1008489,1008489,1008476,LIMIT,SELL,1,1220,2018-08-14T00:47:42.913,2018-08-14T00:47:42.918
roused-nipper,Surfer6@bmm,4881,342,6224,6224,674,NULL,1008490,1008487,1008487,1008487,CANCEL,BUY,1,1200,2018-08-14T00:47:44.217,2018-08-14T00:47:44.221
roused-nipper,Surfer6@bmm,4881,342,6224,6224,674,NULL,1008491,1008486,1008486,1008486,CANCEL,BUY,1,1200,2018-08-14T00:47:44.591,2018-08-14T00:47:44.595
roused-nipper,Surfer16@bmm,4891,342,6224,6224,674,NULL,1008492,1008492,1008492,1008495,LIMIT,BUY,1,1220,2018-08-14T00:47:49.132,2018-08-14T00:47:54.224
roused-nipper,Surfer7@bmm,4882,342,6224,6224,674,NULL,1008493,1008493,1008493,NULL,LIMIT,BUY,1,1200,2018-08-14T00:47:52.474,2018-08-14T00:47:52.477
roused-nipper,Surfer3@bmm,4878,342,6224,6224,674,NULL,1008494,1008475,1008475,1008475,CANCEL,BUY,1,1180,2018-08-14T00:47:52.697,2018-08-14T00:47:52.701
roused-nipper,Surfer6@bmm,4881,342,6224,6224,674,NULL,1008495,1008495,1008495,1008492,LIMIT,SELL,1,1220,2018-08-14T00:47:54.220,2018-08-14T00:47:54.224
roused-nipper,Surfer1@bmm,4876,342,6224,6224,674,NULL,1008496,1008496,1008496,1008501,LIMIT,SELL,1,1220,2018-08-14T00:47:54.531,2018-08-14T00:48:04.746
roused-nipper,Surfer10@bmm,4885,342,6224,6224,674,NULL,1008497,1008497,1008497,1008517,LIMIT,BUY,1,1210,2018-08-14T00:47:54.767,2018-08-14T00:48:28.062
roused-nipper,Surfer3@bmm,4878,342,6224,6224,674,NULL,1008498,1008498,1008498,1008574,LIMIT,BUY,1,1200,2018-08-14T00:47:56.054,2018-08-14T00:49:49.396
roused-nipper,Surfer6@bmm,4881,342,6224,6224,674,NULL,1008499,1008484,1008484,1008484,CANCEL,BUY,1,1200,2018-08-14T00:48:00.068,2018-08-14T00:48:00.072
roused-nipper,Surfer16@bmm,4891,342,6224,6224,674,NULL,1008500,1008500,1008500,1008527,LIMIT,BUY,1,1210,2018-08-14T00:48:01.062,2018-08-14T00:48:46.644
roused-nipper,Surfer8@bmm,4883,342,6224,6224,674,NULL,1008501,1008501,1008501,1008496,LIMIT,BUY,1,1220,2018-08-14T00:48:04.740,2018-08-14T00:48:04.746
roused-nipper,Surfer8@bmm,4883,342,6224,6224,674,NULL,1008502,1008502,1008502,1008553,LIMIT,SELL,1,1230,2018-08-14T00:48:07.052,2018-08-14T00:49:31.237
roused-nipper,Surfer3@bmm,4878,342,6224,6224,674,NULL,1008503,1008448,1008448,1008448,CANCEL,SELL,1,1250,2018-08-14T00:48:07.184,2018-08-14T00:48:07.192
roused-nipper,Surfer21@bmm,4896,342,6224,6224,674,NULL,1008504,1008504,1008504,1008454,LIMIT,SELL,1,1210,2018-08-14T00:48:08.154,2018-08-14T00:48:08.159
roused-nipper,Surfer21@bmm,4896,342,6224,6224,674,NULL,1008505,1008505,1008505,1008480,LIMIT,SELL,1,1210,2018-08-14T00:48:08.308,2018-08-14T00:48:08.312
roused-nipper,Surfer20@bmm,4895,342,6224,6224,674,NULL,1008506,1008506,1008506,1008512,LIMIT,BUY,1,1220,2018-08-14T00:48:09.334,2018-08-14T00:48:17.242
roused-nipper,Surfer3@bmm,4878,342,6224,6224,674,NULL,1008507,1008507,1008507,1008543,LIMIT,SELL,1,1240,2018-08-14T00:48:11.587,2018-08-14T00:49:06.175
roused-nipper,Surfer17@bmm,4892,342,6224,6224,674,NULL,1008508,1008427,1008427,1008427,CANCEL,BUY,1,1100,2018-08-14T00:48:12.062,2018-08-14T00:48:12.066
roused-nipper,Surfer7@bmm,4882,342,6224,6224,674,NULL,1008509,1008378,1008378,1008378,CANCEL,SELL,1,1350,2018-08-14T00:48:12.312,2018-08-14T00:48:12.317
roused-nipper,Surfer17@bmm,4892,342,6224,6224,674,NULL,1008510,1008427,1008427,1008510,CANCEL,BUY,1,1100,2018-08-14T00:48:12.348,2018-08-14T00:48:12.351
roused-nipper,Surfer15@bmm,4890,342,6224,6224,674,NULL,1008511,1008511,1008511,NULL,LIMIT,SELL,1,1280,2018-08-14T00:48:15.826,2018-08-14T00:48:15.830
roused-nipper,Surfer19@bmm,4894,342,6224,6224,674,NULL,1008512,1008512,1008512,1008506,LIMIT,SELL,1,1220,2018-08-14T00:48:17.235,2018-08-14T00:48:17.242
roused-nipper,Surfer7@bmm,4882,342,6224,6224,674,NULL,1008513,1008513,1008513,1008552,LIMIT,SELL,1,1230,2018-08-14T00:48:17.681,2018-08-14T00:49:28.114
roused-nipper,Surfer6@bmm,4881,342,6224,6224,674,NULL,1008514,1008470,1008470,1008470,CANCEL,SELL,1,1240,2018-08-14T00:48:19.107,2018-08-14T00:48:19.111
roused-nipper,Surfer6@bmm,4881,342,6224,6224,674,NULL,1008515,1008515,1008515,1008538,LIMIT,SELL,1,1230,2018-08-14T00:48:20.147,2018-08-14T00:48:57.447
roused-nipper,Surfer5@bmm,4880,342,6224,6224,674,NULL,1008516,1008516,1008516,1008555,LIMIT,BUY,1,1210,2018-08-14T00:48:24.354,2018-08-14T00:49:31.365
roused-nipper,Surfer1@bmm,4876,342,6224,6224,674,NULL,1008517,1008517,1008517,1008497,LIMIT,SELL,1,1210,2018-08-14T00:48:28.056,2018-08-14T00:48:28.062
roused-nipper,Surfer9@bmm,4884,342,6224,6224,674,NULL,1008518,1008518,1008518,1008601,LIMIT,BUY,1,1200,2018-08-14T00:48:32.031,2018-08-14T00:51:07.860
roused-nipper,Surfer8@bmm,4883,342,6224,6224,674,NULL,1008519,1008519,1008519,1008529,LIMIT,BUY,1,1200,2018-08-14T00:48:33.340,2018-08-14T00:48:47.830
roused-nipper,Surfer7@bmm,4882,342,6224,6224,674,NULL,1008520,1008416,1008416,1008416,CANCEL,SELL,1,1270,2018-08-14T00:48:37.998,2018-08-14T00:48:38.002
roused-nipper,Surfer17@bmm,4892,342,6224,6224,674,NULL,1008521,1008521,1008521,1008603,LIMIT,BUY,1,1200,2018-08-14T00:48:38.583,2018-08-14T00:51:10.844
roused-nipper,Surfer8@bmm,4883,342,6224,6224,674,NULL,1008522,1008522,1008522,1008523,LIMIT,SELL,1,1220,2018-08-14T00:48:39.716,2018-08-14T00:48:40.817
roused-nipper,Surfer16@bmm,4891,342,6224,6224,674,NULL,1008523,1008523,1008523,1008522,LIMIT,BUY,1,1220,2018-08-14T00:48:40.811,2018-08-14T00:48:40.817
roused-nipper,Surfer9@bmm,4884,342,6224,6224,674,NULL,1008524,1008524,1008524,NULL,LIMIT,SELL,1,1230,2018-08-14T00:48:45.131,2018-08-14T00:48:45.134
roused-nipper,Surfer18@bmm,4893,342,6224,6224,674,NULL,1008525,1008525,1008525,0,LIMIT,BUY,3,1210,2018-08-14T00:48:45.369,2018-08-14T00:49:31.620
roused-nipper,Surfer10@bmm,4885,342,6224,6224,674,NULL,1008526,1008526,1008526,1008583,LIMIT,SELL,1,1230,2018-08-14T00:48:46.057,2018-08-14T00:49:55.819
roused-nipper,Surfer16@bmm,4891,342,6224,6224,674,NULL,1008527,1008500,1008500,1008500,CANCEL,BUY,1,1210,2018-08-14T00:48:46.640,2018-08-14T00:48:46.644
roused-nipper,Surfer9@bmm,4884,342,6224,6224,674,NULL,1008528,1008471,1008471,1008471,CANCEL,SELL,1,1250,2018-08-14T00:48:46.861,2018-08-14T00:48:46.865
roused-nipper,Surfer8@bmm,4883,342,6224,6224,674,NULL,1008529,1008519,1008519,1008519,CANCEL,BUY,1,1200,2018-08-14T00:48:47.826,2018-08-14T00:48:47.830
roused-nipper,Surfer16@bmm,4891,342,6224,6224,674,NULL,1008530,1008530,1008530,1008532,LIMIT,BUY,1,1220,2018-08-14T00:48:48.225,2018-08-14T00:48:50.510
roused-nipper,Surfer8@bmm,4883,342,6224,6224,674,NULL,1008531,1008531,1008531,1008570,LIMIT,BUY,1,1210,2018-08-14T00:48:48.386,2018-08-14T00:49:37.031
roused-nipper,Surfer5@bmm,4880,342,6224,6224,674,NULL,1008532,1008532,1008532,1008530,LIMIT,SELL,1,1220,2018-08-14T00:48:50.505,2018-08-14T00:48:50.510
roused-nipper,Surfer2@bmm,4877,342,6224,6224,674,NULL,1008533,1008533,1008533,NULL,LIMIT,SELL,1,1230,2018-08-14T00:48:50.697,2018-08-14T00:48:50.700
roused-nipper,Surfer2@bmm,4877,342,6224,6224,674,NULL,1008534,1008534,1008534,NULL,LIMIT,SELL,1,1230,2018-08-14T00:48:50.932,2018-08-14T00:48:50.935
roused-nipper,Surfer2@bmm,4877,342,6224,6224,674,NULL,1008535,1008535,1008535,NULL,LIMIT,SELL,1,1230,2018-08-14T00:48:51.166,2018-08-14T00:48:51.168
roused-nipper,Surfer2@bmm,4877,342,6224,6224,674,NULL,1008536,1008536,1008536,NULL,LIMIT,SELL,1,1230,2018-08-14T00:48:51.295,2018-08-14T00:48:51.297
roused-nipper,Surfer6@bmm,4881,342,6224,6224,674,NULL,1008537,1008537,1008537,1008544,LIMIT,BUY,1,1200,2018-08-14T00:48:53.811,2018-08-14T00:49:07.625
roused-nipper,Surfer6@bmm,4881,342,6224,6224,674,NULL,1008538,1008515,1008515,1008515,CANCEL,SELL,1,1230,2018-08-14T00:48:57.443,2018-08-14T00:48:57.447
roused-nipper,Surfer8@bmm,4883,342,6224,6224,674,NULL,1008539,1008539,1008539,1008577,LIMIT,SELL,1,1220,2018-08-14T00:49:01.187,2018-08-14T00:49:51.992
roused-nipper,Surfer17@bmm,4892,342,6224,6224,674,NULL,1008540,1008540,1008540,1008590,LIMIT,SELL,1,1230,2018-08-14T00:49:01.372,2018-08-14T00:50:21.319
roused-nipper,Surfer17@bmm,4892,342,6224,6224,674,NULL,1008541,1008441,1008441,1008441,CANCEL,SELL,1,1250,2018-08-14T00:49:03.496,2018-08-14T00:49:03.500
roused-nipper,Surfer6@bmm,4881,342,6224,6224,674,NULL,1008542,1008542,1008542,1008571,LIMIT,SELL,1,1220,2018-08-14T00:49:06.092,2018-08-14T00:49:40.422
roused-nipper,Surfer3@bmm,4878,342,6224,6224,674,NULL,1008543,1008507,1008507,1008507,CANCEL,SELL,1,1240,2018-08-14T00:49:06.171,2018-08-14T00:49:06.175
roused-nipper,Surfer6@bmm,4881,342,6224,6224,674,NULL,1008544,1008537,1008537,1008537,CANCEL,BUY,1,1200,2018-08-14T00:49:07.621,2018-08-14T00:49:07.625
roused-nipper,Surfer3@bmm,4878,342,6224,6224,674,NULL,1008545,1008545,1008545,NULL,LIMIT,SELL,1,1230,2018-08-14T00:49:08.523,2018-08-14T00:49:08.525
roused-nipper,Surfer8@bmm,4883,342,6224,6224,674,NULL,1008546,1008546,1008546,1008584,LIMIT,BUY,1,1200,2018-08-14T00:49:14.188,2018-08-14T00:49:55.897
roused-nipper,Surfer7@bmm,4882,342,6224,6224,674,NULL,1008547,1008547,1008547,1008602,LIMIT,SELL,1,1220,2018-08-14T00:49:15.016,2018-08-14T00:51:08.162
roused-nipper,Surfer10@bmm,4885,342,6224,6224,674,NULL,1008548,1008548,1008548,1008605,LIMIT,SELL,1,1220,2018-08-14T00:49:20.588,2018-08-14T00:51:29.459
roused-nipper,Surfer6@bmm,4881,342,6224,6224,674,NULL,1008549,1008549,1008549,1008565,LIMIT,BUY,1,870,2018-08-14T00:49:20.776,2018-08-14T00:49:34.632
roused-nipper,Surfer6@bmm,4881,342,6224,6224,674,NULL,1008550,1008550,1008550,1008564,LIMIT,BUY,1,870,2018-08-14T00:49:25.340,2018-08-14T00:49:33.909
roused-nipper,Surfer6@bmm,4881,342,6224,6224,674,NULL,1008551,1008551,1008551,1008560,LIMIT,BUY,1,870,2018-08-14T00:49:25.908,2018-08-14T00:49:33.047
roused-nipper,Surfer7@bmm,4882,342,6224,6224,674,NULL,1008552,1008513,1008513,1008513,CANCEL,SELL,1,1230,2018-08-14T00:49:28.104,2018-08-14T00:49:28.114
roused-nipper,Surfer8@bmm,4883,342,6224,6224,674,NULL,1008553,1008502,1008502,1008502,CANCEL,SELL,1,1230,2018-08-14T00:49:31.233,2018-08-14T00:49:31.237
roused-nipper,Surfer13@bmm,4888,342,6224,6224,674,NULL,1008554,1008554,1008554,0,LIMIT,SELL,1,970,2018-08-14T00:49:31.357,2018-08-14T00:49:31.365
roused-nipper,Surfer13@bmm,4888,342,6224,6224,674,NULL,1008555,1008554,1008554,1008516,LIMIT,SELL,1,1210,2018-08-14T00:49:31.362,2018-08-14T00:49:31.365
roused-nipper,Surfer13@bmm,4888,342,6224,6224,674,NULL,1008556,1008556,1008556,0,LIMIT,SELL,1,970,2018-08-14T00:49:31.609,2018-08-14T00:49:31.620
roused-nipper,Surfer13@bmm,4888,342,6224,6224,674,NULL,1008557,1008556,1008556,1008558,LIMIT,SELL,1,1210,2018-08-14T00:49:31.614,2018-08-14T00:49:31.620
roused-nipper,Surfer18@bmm,4893,342,6224,6224,674,NULL,1008558,1008525,1008525,1008557,LIMIT,BUY,1,1210,2018-08-14T00:49:31.616,2018-08-14T00:49:31.620
roused-nipper,Surfer18@bmm,4893,342,6224,6224,674,NULL,1008559,1008525,1008525,0,LIMIT,BUY,2,1210,2018-08-14T00:48:45.369,2018-08-14T00:49:33.140
roused-nipper,Surfer6@bmm,4881,342,6224,6224,674,NULL,1008560,1008551,1008551,1008551,CANCEL,BUY,1,870,2018-08-14T00:49:33.042,2018-08-14T00:49:33.047
roused-nipper,Surfer8@bmm,4883,342,6224,6224,674,NULL,1008561,1008561,1008561,1008562,LIMIT,SELL,1,1210,2018-08-14T00:49:33.131,2018-08-14T00:49:33.140
roused-nipper,Surfer18@bmm,4893,342,6224,6224,674,NULL,1008562,1008525,1008559,1008561,LIMIT,BUY,1,1210,2018-08-14T00:49:33.135,2018-08-14T00:49:33.140
roused-nipper,Surfer18@bmm,4893,342,6224,6224,674,NULL,1008563,1008525,1008559,1008567,LIMIT,BUY,1,1210,2018-08-14T00:48:45.369,2018-08-14T00:49:35.025
roused-nipper,Surfer6@bmm,4881,342,6224,6224,674,NULL,1008564,1008550,1008550,1008550,CANCEL,BUY,1,870,2018-08-14T00:49:33.904,2018-08-14T00:49:33.908
roused-nipper,Surfer6@bmm,4881,342,6224,6224,674,NULL,1008565,1008549,1008549,1008549,CANCEL,BUY,1,870,2018-08-14T00:49:34.628,2018-08-14T00:49:34.632
roused-nipper,Surfer13@bmm,4888,342,6224,6224,674,NULL,1008566,1008566,1008566,0,LIMIT,SELL,1,970,2018-08-14T00:49:35.018,2018-08-14T00:49:35.025
roused-nipper,Surfer13@bmm,4888,342,6224,6224,674,NULL,1008567,1008566,1008566,1008563,LIMIT,SELL,1,1210,2018-08-14T00:49:35.022,2018-08-14T00:49:35.025
roused-nipper,Surfer15@bmm,4890,342,6224,6224,674,NULL,1008568,1008568,1008568,1008585,LIMIT,BUY,1,1210,2018-08-14T00:49:35.716,2018-08-14T00:49:58.829
roused-nipper,Surfer13@bmm,4888,342,6224,6224,674,NULL,1008569,1008569,1008569,0,LIMIT,SELL,1,970,2018-08-14T00:49:37.025,2018-08-14T00:49:37.031
roused-nipper,Surfer13@bmm,4888,342,6224,6224,674,NULL,1008570,1008569,1008569,1008531,LIMIT,SELL,1,1210,2018-08-14T00:49:37.029,2018-08-14T00:49:37.032
roused-nipper,Surfer6@bmm,4881,342,6224,6224,674,NULL,1008571,1008542,1008542,1008542,CANCEL,SELL,1,1220,2018-08-14T00:49:40.417,2018-08-14T00:49:40.422
roused-nipper,Surfer8@bmm,4883,342,6224,6224,674,NULL,1008572,1008572,1008572,1008581,LIMIT,BUY,1,1200,2018-08-14T00:49:43.165,2018-08-14T00:49:55.265
roused-nipper,Surfer5@bmm,4880,342,6224,6224,674,NULL,1008573,1008573,1008573,1008594,LIMIT,BUY,1,1210,2018-08-14T00:49:45.728,2018-08-14T00:50:43.313
roused-nipper,Surfer3@bmm,4878,342,6224,6224,674,NULL,1008574,1008498,1008498,1008498,CANCEL,BUY,1,1200,2018-08-14T00:49:49.392,2018-08-14T00:49:49.396
roused-nipper,Surfer8@bmm,4883,342,6224,6224,674,NULL,1008575,1008575,1008575,1008643,LIMIT,SELL,1,1220,2018-08-14T00:49:49.730,2018-08-14T00:52:41.825
roused-nipper,Surfer17@bmm,4892,342,6224,6224,674,NULL,1008576,1008576,1008576,1008598,LIMIT,BUY,1,1210,2018-08-14T00:49:50.778,2018-08-14T00:50:50.576
roused-nipper,Surfer7@bmm,4882,342,6224,6224,674,NULL,1008577,1008577,1008577,1008539,LIMIT,BUY,1,1220,2018-08-14T00:49:51.987,2018-08-14T00:49:51.992
roused-nipper,Surfer16@bmm,4891,342,6224,6224,674,NULL,1008578,1008578,1008578,NULL,LIMIT,SELL,1,1230,2018-08-14T00:49:51.996,2018-08-14T00:49:51.998
roused-nipper,Surfer3@bmm,4878,342,6224,6224,674,NULL,1008579,1008579,1008579,1008608,LIMIT,BUY,1,1210,2018-08-14T00:49:52.610,2018-08-14T00:51:30.991
roused-nipper,Surfer16@bmm,4891,342,6224,6224,674,NULL,1008580,1008580,1008580,1008582,LIMIT,SELL,1,1230,2018-08-14T00:49:53.167,2018-08-14T00:49:55.396
roused-nipper,Surfer8@bmm,4883,342,6224,6224,674,NULL,1008581,1008572,1008572,1008572,CANCEL,BUY,1,1200,2018-08-14T00:49:55.262,2018-08-14T00:49:55.265
roused-nipper,Surfer16@bmm,4891,342,6224,6224,674,NULL,1008582,1008580,1008580,1008580,CANCEL,SELL,1,1230,2018-08-14T00:49:55.392,2018-08-14T00:49:55.395
roused-nipper,Surfer10@bmm,4885,342,6224,6224,674,NULL,1008583,1008526,1008526,1008526,CANCEL,SELL,1,1230,2018-08-14T00:49:55.815,2018-08-14T00:49:55.819
roused-nipper,Surfer8@bmm,4883,342,6224,6224,674,NULL,1008584,1008546,1008546,1008546,CANCEL,BUY,1,1200,2018-08-14T00:49:55.893,2018-08-14T00:49:55.897
roused-nipper,Surfer1@bmm,4876,342,6224,6224,674,NULL,1008585,1008585,1008585,1008568,LIMIT,SELL,1,1210,2018-08-14T00:49:58.824,2018-08-14T00:49:58.829
roused-nipper,Surfer6@bmm,4881,342,6224,6224,674,NULL,1008586,1008586,1008586,1008588,LIMIT,SELL,1,1220,2018-08-14T00:49:59.171,2018-08-14T00:50:02.590
roused-nipper,Surfer8@bmm,4883,342,6224,6224,674,NULL,1008587,1008587,1008587,1008609,LIMIT,BUY,1,1210,2018-08-14T00:50:00.258,2018-08-14T00:51:30.991
roused-nipper,Surfer6@bmm,4881,342,6224,6224,674,NULL,1008588,1008586,1008586,1008586,CANCEL,SELL,1,1220,2018-08-14T00:50:02.586,2018-08-14T00:50:02.590
roused-nipper,Surfer7@bmm,4882,342,6224,6224,674,NULL,1008589,1008589,1008589,1008595,LIMIT,SELL,1,1220,2018-08-14T00:50:10.922,2018-08-14T00:50:47.761
roused-nipper,Surfer17@bmm,4892,342,6224,6224,674,NULL,1008590,1008540,1008540,1008540,CANCEL,SELL,1,1230,2018-08-14T00:50:21.314,2018-08-14T00:50:21.319
roused-nipper,Surfer6@bmm,4881,342,6224,6224,674,NULL,1008591,1008591,1008591,1008596,LIMIT,SELL,1,1220,2018-08-14T00:50:36.718,2018-08-14T00:50:48.470
roused-nipper,Surfer20@bmm,4895,342,6224,6224,674,NULL,1008592,1008592,1008592,NULL,LIMIT,SELL,1,1220,2018-08-14T00:50:37.847,2018-08-14T00:50:37.850
roused-nipper,Surfer15@bmm,4890,342,6224,6224,674,NULL,1008593,1008593,1008593,NULL,LIMIT,SELL,1,1220,2018-08-14T00:50:40.495,2018-08-14T00:50:40.497
roused-nipper,Surfer1@bmm,4876,342,6224,6224,674,NULL,1008594,1008594,1008594,1008573,LIMIT,SELL,1,1210,2018-08-14T00:50:43.309,2018-08-14T00:50:43.313
roused-nipper,Surfer7@bmm,4882,342,6224,6224,674,NULL,1008595,1008589,1008589,1008589,CANCEL,SELL,1,1220,2018-08-14T00:50:47.757,2018-08-14T00:50:47.761
roused-nipper,Surfer6@bmm,4881,342,6224,6224,674,NULL,1008596,1008591,1008591,1008591,CANCEL,SELL,1,1220,2018-08-14T00:50:48.466,2018-08-14T00:50:48.470
roused-nipper,Surfer18@bmm,4893,342,6224,6224,674,NULL,1008597,1008451,1008451,1008451,CANCEL,BUY,1,1200,2018-08-14T00:50:49.269,2018-08-14T00:50:49.273
roused-nipper,Surfer6@bmm,4881,342,6224,6224,674,NULL,1008598,1008598,1008598,1008576,LIMIT,SELL,1,1210,2018-08-14T00:50:50.572,2018-08-14T00:50:50.576
roused-nipper,Surfer8@bmm,4883,342,6224,6224,674,NULL,1008599,1008599,1008599,1008610,LIMIT,BUY,1,1210,2018-08-14T00:50:55.898,2018-08-14T00:51:30.991
roused-nipper,Surfer9@bmm,4884,342,6224,6224,674,NULL,1008600,1008600,1008600,1008630,LIMIT,BUY,1,1210,2018-08-14T00:50:58.570,2018-08-14T00:51:58.971
roused-nipper,Surfer9@bmm,4884,342,6224,6224,674,NULL,1008601,1008518,1008518,1008518,CANCEL,BUY,1,1200,2018-08-14T00:51:07.856,2018-08-14T00:51:07.860
roused-nipper,Surfer15@bmm,4890,342,6224,6224,674,NULL,1008602,1008602,1008602,1008547,LIMIT,BUY,1,1220,2018-08-14T00:51:08.157,2018-08-14T00:51:08.161
roused-nipper,Surfer17@bmm,4892,342,6224,6224,674,NULL,1008603,1008521,1008521,1008521,CANCEL,BUY,1,1200,2018-08-14T00:51:10.840,2018-08-14T00:51:10.844
roused-nipper,Surfer18@bmm,4893,342,6224,6224,674,NULL,1008604,1008604,1008604,1008632,LIMIT,BUY,1,1210,2018-08-14T00:51:13.761,2018-08-14T00:52:01.006
roused-nipper,Surfer5@bmm,4880,342,6224,6224,674,NULL,1008605,1008605,1008605,1008548,LIMIT,BUY,1,1220,2018-08-14T00:51:29.453,2018-08-14T00:51:29.459
roused-nipper,Surfer6@bmm,4881,342,6224,6224,674,NULL,1008606,1008606,1008606,1008612,LIMIT,BUY,1,1020,2018-08-14T00:51:29.582,2018-08-14T00:51:32.415
roused-nipper,Surfer15@bmm,4890,342,6224,6224,674,NULL,1008607,1008607,1008607,0,LIMIT,SELL,3,1210,2018-08-14T00:51:30.969,2018-08-14T00:51:30.991
roused-nipper,Surfer15@bmm,4890,342,6224,6224,674,NULL,1008608,1008607,1008607,1008579,LIMIT,SELL,1,1210,2018-08-14T00:51:30.975,2018-08-14T00:51:30.991
roused-nipper,Surfer15@bmm,4890,342,6224,6224,674,NULL,1008609,1008607,1008607,1008587,LIMIT,SELL,1,1210,2018-08-14T00:51:30.978,2018-08-14T00:51:30.991
roused-nipper,Surfer15@bmm,4890,342,6224,6224,674,NULL,1008610,1008607,1008607,1008599,LIMIT,SELL,1,1210,2018-08-14T00:51:30.988,2018-08-14T00:51:30.992
roused-nipper,Surfer7@bmm,4882,342,6224,6224,674,NULL,1008611,1008611,1008611,NULL,LIMIT,SELL,1,1220,2018-08-14T00:51:31.044,2018-08-14T00:51:31.046
roused-nipper,Surfer6@bmm,4881,342,6224,6224,674,NULL,1008612,1008606,1008606,1008606,CANCEL,BUY,1,1020,2018-08-14T00:51:32.411,2018-08-14T00:51:32.415
roused-nipper,Surfer18@bmm,4893,342,6224,6224,674,NULL,1008613,1008613,1008613,NULL,LIMIT,SELL,1,1230,2018-08-14T00:51:34.578,2018-08-14T00:51:34.580
roused-nipper,Surfer18@bmm,4893,342,6224,6224,674,NULL,1008614,1008614,1008614,NULL,LIMIT,SELL,1,1230,2018-08-14T00:51:35.544,2018-08-14T00:51:35.546
roused-nipper,Surfer18@bmm,4893,342,6224,6224,674,NULL,1008615,1008615,1008615,NULL,LIMIT,SELL,1,1230,2018-08-14T00:51:36.593,2018-08-14T00:51:36.595
roused-nipper,Surfer18@bmm,4893,342,6224,6224,674,NULL,1008616,1008401,1008401,1008401,CANCEL,SELL,1,1280,2018-08-14T00:51:40.569,2018-08-14T00:51:40.573
roused-nipper,Surfer18@bmm,4893,342,6224,6224,674,NULL,1008617,1008401,1008401,1008617,CANCEL,SELL,1,1280,2018-08-14T00:51:40.812,2018-08-14T00:51:40.816
roused-nipper,Surfer18@bmm,4893,342,6224,6224,674,NULL,1008618,1008397,1008397,1008397,CANCEL,SELL,1,1280,2018-08-14T00:51:41.472,2018-08-14T00:51:41.476
roused-nipper,Surfer8@bmm,4883,342,6224,6224,674,NULL,1008619,1008619,1008619,1008627,LIMIT,SELL,1,1220,2018-08-14T00:51:42.595,2018-08-14T00:51:52.164
roused-nipper,Surfer18@bmm,4893,342,6224,6224,674,NULL,1008620,1008620,1008620,NULL,LIMIT,SELL,1,1230,2018-08-14T00:51:44.154,2018-08-14T00:51:44.156
roused-nipper,Surfer18@bmm,4893,342,6224,6224,674,NULL,1008621,1008621,1008621,NULL,LIMIT,SELL,1,1230,2018-08-14T00:51:44.976,2018-08-14T00:51:44.978
roused-nipper,Surfer8@bmm,4883,342,6224,6224,674,NULL,1008622,1008622,1008622,1008626,LIMIT,SELL,1,1220,2018-08-14T00:51:46.075,2018-08-14T00:51:51.670
roused-nipper,Surfer17@bmm,4892,342,6224,6224,674,NULL,1008623,1008623,1008623,1008634,LIMIT,BUY,1,1210,2018-08-14T00:51:48.430,2018-08-14T00:52:15.768
roused-nipper,Surfer5@bmm,4880,342,6224,6224,674,NULL,1008624,1008624,1008624,1008629,LIMIT,SELL,1,1220,2018-08-14T00:51:48.660,2018-08-14T00:51:56.700
roused-nipper,Surfer17@bmm,4892,342,6224,6224,674,NULL,1008625,1008625,1008625,1008642,LIMIT,SELL,1,1220,2018-08-14T00:51:51.495,2018-08-14T00:52:41.604
roused-nipper,Surfer8@bmm,4883,342,6224,6224,674,NULL,1008626,1008622,1008622,1008622,CANCEL,SELL,1,1220,2018-08-14T00:51:51.665,2018-08-14T00:51:51.669
roused-nipper,Surfer8@bmm,4883,342,6224,6224,674,NULL,1008627,1008619,1008619,1008619,CANCEL,SELL,1,1220,2018-08-14T00:51:52.160,2018-08-14T00:51:52.164
roused-nipper,Surfer10@bmm,4885,342,6224,6224,674,NULL,1008628,1008628,1008628,1008635,LIMIT,BUY,1,1210,2018-08-14T00:51:55.776,2018-08-14T00:52:15.980
roused-nipper,Surfer5@bmm,4880,342,6224,6224,674,NULL,1008629,1008624,1008624,1008624,CANCEL,SELL,1,1220,2018-08-14T00:51:56.696,2018-08-14T00:51:56.700
roused-nipper,Surfer5@bmm,4880,342,6224,6224,674,NULL,1008630,1008630,1008630,1008600,LIMIT,SELL,1,1210,2018-08-14T00:51:58.966,2018-08-14T00:51:58.971
roused-nipper,Surfer8@bmm,4883,342,6224,6224,674,NULL,1008631,1008477,1008477,1008477,CANCEL,SELL,1,1230,2018-08-14T00:51:59.855,2018-08-14T00:51:59.859
roused-nipper,Surfer19@bmm,4894,342,6224,6224,674,NULL,1008632,1008632,1008632,1008604,LIMIT,SELL,1,1210,2018-08-14T00:52:01.001,2018-08-14T00:52:01.005
roused-nipper,Surfer15@bmm,4890,342,6224,6224,674,NULL,1008633,1008633,1008633,1008637,LIMIT,BUY,1,1210,2018-08-14T00:52:04,2018-08-14T00:52:20.363
roused-nipper,Surfer19@bmm,4894,342,6224,6224,674,NULL,1008634,1008634,1008634,1008623,LIMIT,SELL,1,1210,2018-08-14T00:52:15.764,2018-08-14T00:52:15.768
roused-nipper,Surfer5@bmm,4880,342,6224,6224,674,NULL,1008635,1008635,1008635,1008628,LIMIT,SELL,1,1210,2018-08-14T00:52:15.976,2018-08-14T00:52:15.980
roused-nipper,Surfer18@bmm,4893,342,6224,6224,674,NULL,1008636,1008636,1008636,NULL,LIMIT,SELL,1,1230,2018-08-14T00:52:17.197,2018-08-14T00:52:17.199
roused-nipper,Surfer14@bmm,4889,342,6224,6224,674,NULL,1008637,1008637,1008637,1008633,LIMIT,SELL,1,1210,2018-08-14T00:52:20.357,2018-08-14T00:52:20.363
roused-nipper,Surfer10@bmm,4885,342,6224,6224,674,NULL,1008638,1008638,1008638,NULL,LIMIT,SELL,1,1220,2018-08-14T00:52:22.894,2018-08-14T00:52:22.896
roused-nipper,Surfer14@bmm,4889,342,6224,6224,674,NULL,1008639,1008639,1008639,1008640,LIMIT,SELL,1,1210,2018-08-14T00:52:24.095,2018-08-14T00:52:28.690
roused-nipper,Surfer5@bmm,4880,342,6224,6224,674,NULL,1008640,1008640,1008640,1008639,LIMIT,BUY,1,1210,2018-08-14T00:52:28.685,2018-08-14T00:52:28.690
roused-nipper,Surfer10@bmm,4885,342,6224,6224,674,NULL,1008641,1008641,1008641,NULL,LIMIT,BUY,1,1200,2018-08-14T00:52:39.983,2018-08-14T00:52:39.985
roused-nipper,Surfer17@bmm,4892,342,6224,6224,674,NULL,1008642,1008625,1008625,1008625,CANCEL,SELL,1,1220,2018-08-14T00:52:41.600,2018-08-14T00:52:41.604
roused-nipper,Surfer8@bmm,4883,342,6224,6224,674,NULL,1008643,1008575,1008575,1008575,CANCEL,SELL,1,1220,2018-08-14T00:52:41.821,2018-08-14T00:52:41.825
# orders -- end,,,,,,,,,,,,,,,,,
,,,,,,,,,,,,,,,,,
,,,,,,,,,,,,,,,,,
,,,,,,,,,,,,,,,,,
# final holdings -- begin,,,,,,,,,,,,,,,,,
account,email,owner,marketplace,session,cash,Share,,,,,,,,,,,
roused-nipper,Surfer1@bmm,4876,342,6224,7350,0,,,,,,,,,,,
roused-nipper,Surfer2@bmm,4877,342,6224,1150,5,,,,,,,,,,,
roused-nipper,Surfer3@bmm,4878,342,6224,1290,5,,,,,,,,,,,
roused-nipper,Surfer4@bmm,4879,342,6224,3800,3,,,,,,,,,,,
roused-nipper,Surfer5@bmm,4880,342,6224,1320,5,,,,,,,,,,,
roused-nipper,Surfer6@bmm,4881,342,6224,7430,0,,,,,,,,,,,
roused-nipper,Surfer7@bmm,4882,342,6224,3840,3,,,,,,,,,,,
roused-nipper,Surfer8@bmm,4883,342,6224,2600,4,,,,,,,,,,,
roused-nipper,Surfer9@bmm,4884,342,6224,1290,5,,,,,,,,,,,
roused-nipper,Surfer10@bmm,4885,342,6224,3800,3,,,,,,,,,,,
roused-nipper,Surfer11@bmm,4886,342,6224,2500,4,,,,,,,,,,,
roused-nipper,Surfer12@bmm,4887,342,6224,5000,2,,,,,,,,,,,
roused-nipper,Surfer13@bmm,4888,342,6224,7340,0,,,,,,,,,,,
roused-nipper,Surfer14@bmm,4889,342,6224,7420,0,,,,,,,,,,,
roused-nipper,Surfer15@bmm,4890,342,6224,2490,4,,,,,,,,,,,
roused-nipper,Surfer16@bmm,4891,342,6224,110,6,,,,,,,,,,,
roused-nipper,Surfer17@bmm,4892,342,6224,1280,5,,,,,,,,,,,
roused-nipper,Surfer18@bmm,4893,342,6224,160,6,,,,,,,,,,,
roused-nipper,Surfer19@bmm,4894,342,6224,6140,1,,,,,,,,,,,
roused-nipper,Surfer20@bmm,4895,342,6224,3780,3,,,,,,,,,,,
roused-nipper,Surfer21@bmm,4896,342,6224,7410,0,,,,,,,,,,,
roused-nipper,Surfer22@bmm,4897,342,6224,5000,2,,,,,,,,,,,
roused-nipper,Surfer23@bmm,4942,342,6224,2500,4,,,,,,,,,,,
roused-nipper,Surfer24@bmm,4943,342,6224,5000,2,,,,,,,,,,,
roused-nipper,Surfer25@bmm,4953,342,6224,2500,4,,,,,,,,,,,
# final holdings -- end,,,,,,,,,,,,,,,,,