Column1,Column2,Column3,Column4,Column5,Column6,Column7,Column8,Column9,Column10,Column11,Column12,Column13,Column14,Column15,Column16,Column17,Column18
# initial holdings -- begin,,,,,,,,,,,,,,,,,
account,email,owner,marketplace,session,cash,Share,,,,,,,,,,,
roused-nipper,Surfer1@bmm,4876,344,6208,2500,4,,,,,,,,,,,
roused-nipper,Surfer2@bmm,4877,344,6208,5000,2,,,,,,,,,,,
roused-nipper,Surfer3@bmm,4878,344,6208,2500,4,,,,,,,,,,,
roused-nipper,Surfer4@bmm,4879,344,6208,5000,2,,,,,,,,,,,
roused-nipper,Surfer5@bmm,4880,344,6208,2500,4,,,,,,,,,,,
roused-nipper,Surfer6@bmm,4881,344,6208,5000,2,,,,,,,,,,,
roused-nipper,Surfer7@bmm,4882,344,6208,2500,4,,,,,,,,,,,
roused-nipper,Surfer8@bmm,4883,344,6208,5000,2,,,,,,,,,,,
roused-nipper,Surfer9@bmm,4884,344,6208,2500,4,,,,,,,,,,,
roused-nipper,Surfer10@bmm,4885,344,6208,5000,2,,,,,,,,,,,
roused-nipper,Surfer11@bmm,4886,344,6208,2500,4,,,,,,,,,,,
roused-nipper,Surfer12@bmm,4887,344,6208,5000,2,,,,,,,,,,,
roused-nipper,Surfer13@bmm,4888,344,6208,2500,4,,,,,,,,,,,
roused-nipper,Surfer14@bmm,4889,344,6208,5000,2,,,,,,,,,,,
roused-nipper,Surfer15@bmm,4890,344,6208,2500,4,,,,,,,,,,,
roused-nipper,Surfer16@bmm,4891,344,6208,5000,2,,,,,,,,,,,
roused-nipper,Surfer17@bmm,4892,344,6208,2500,4,,,,,,,,,,,
roused-nipper,Surfer18@bmm,4893,344,6208,5000,2,,,,,,,,,,,
roused-nipper,Surfer19@bmm,4894,344,6208,2500,4,,,,,,,,,,,
roused-nipper,Surfer20@bmm,4895,344,6208,5000,2,,,,,,,,,,,
roused-nipper,Surfer21@bmm,4896,344,6208,2500,4,,,,,,,,,,,
roused-nipper,Surfer22@bmm,4897,344,6208,5000,2,,,,,,,,,,,
roused-nipper,Surfer23@bmm,4942,344,6208,2500,4,,,,,,,,,,,
roused-nipper,Surfer24@bmm,4943,344,6208,5000,2,,,,,,,,,,,
roused-nipper,Surfer25@bmm,4953,344,6208,2500,4,,,,,,,,,,,
# initial holdings -- end,,,,,,,,,,,,,,,,,
,,,,,,,,,,,,,,,,,
,,,,,,,,,,,,,,,,,
,,,,,,,,,,,,,,,,,
# orders -- begin,,,,,,,,,,,,,,,,,
account,email,owner,marketplace,session,period,market,target,order,original,supplier,consumer,type,side,units,price,createdDate,lastModifiedDate
# orders -- end,,,,,,,,,,,,,,,,,
,,,,,,,,,,,,,,,,,
,,,,,,,,,,,,,,,,,
,,,,,,,,,,,,,,,,,
# final holdings -- begin,,,,,,,,,,,,,,,,,
account,email,owner,marketplace,session,cash,Share,,,,,,,,,,,
roused-nipper,Surfer1@bmm,4876,344,6208,2500,4,,,,,,,,,,,
roused-nipper,Surfer2@bmm,4877,344,6208,5000,2,,,,,,,,,,,
roused-nipper,Surfer3@bmm,4878,344,6208,2500,4,,,,,,,,,,,
roused-nipper,Surfer4@bmm,4879,344,6208,5000,2,,,,,,,,,,,
roused-nipper,Surfer5@bmm,4880,344,6208,2500,4,,,,,,,,,,,
roused-nipper,Surfer6@bmm,4881,344,6208,5000,2,,,,,,,,,,,
roused-nipper,Surfer7@bmm,4882,344,6208,2500,4,,,,,,,,,,,
roused-nipper,Surfer8@bmm,4883,344,6208,5000,2,,,,,,,,,,,
roused-nipper,Surfer9@bmm,4884,344,6208,2500,4,,,,,,,,,,,
roused-nipper,Surfer10@bmm,4885,344,6208,5000,2,,,,,,,,,,,
roused-nipper,Surfer11@bmm,4886,344,6208,2500,4,,,,,,,,,,,
roused-nipper,Surfer12@bmm,4887,344,6208,5000,2,,,,,,,,,,,
roused-nipper,Surfer13@bmm,4888,344,6208,2500,4,,,,,,,,,,,
roused-nipper,Surfer14@bmm,4889,344,6208,5000,2,,,,,,,,,,,
roused-nipper,Surfer15@bmm,4890,344,6208,2500,4,,,,,,,,,,,
roused-nipper,Surfer16@bmm,4891,344,6208,5000,2,,,,,,,,,,,
roused-nipper,Surfer17@bmm,4892,344,6208,2500,4,,,,,,,,,,,
roused-nipper,Surfer18@bmm,4893,344,6208,5000,2,,,,,,,,,,,
roused-nipper,Surfer19@bmm,4894,344,6208,2500,4,,,,,,,,,,,
roused-nipper,Surfer20@bmm,4895,344,6208,5000,2,,,,,,,,,,,
roused-nipper,Surfer21@bmm,4896,344,6208,2500,4,,,,,,,,,,,
roused-nipper,Surfer22@bmm,4897,344,6208,5000,2,,,,,,,,,,,
roused-nipper,Surfer23@bmm,4942,344,6208,2500,4,,,,,,,,,,,
roused-nipper,Surfer24@bmm,4943,344,6208,5000,2,,,,,,,,,,,
roused-nipper,Surfer25@bmm,4953,344,6208,2500,4,,,,,,,,,,,
# final holdings -- end,,,,,,,,,,,,,,,,,
# initial holdings -- begin,,,,,,,,,,,,,,,,,
account,email,owner,marketplace,session,cash,Share,,,,,,,,,,,
roused-nipper,Surfer1@bmm,4876,344,6226,2500,4,,,,,,,,,,,
roused-nipper,Surfer2@bmm,4877,344,6226,5000,2,,,,,,,,,,,
roused-nipper,Surfer3@bmm,4878,344,6226,2500,4,,,,,,,,,,,
roused-nipper,Surfer4@bmm,4879,344,6226,5000,2,,,,,,,,,,,
roused-nipper,Surfer5@bmm,4880,344,6226,2500,4,,,,,,,,,,,
roused-nipper,Surfer6@bmm,4881,344,6226,5000,2,,,,,,,,,,,
roused-nipper,Surfer7@bmm,4882,344,6226,2500,4,,,,,,,,,,,
roused-nipper,Surfer8@bmm,4883,344,6226,5000,2,,,,,,,,,,,
roused-nipper,Surfer9@bmm,4884,344,6226,2500,4,,,,,,,,,,,
roused-nipper,Surfer10@bmm,4885,344,6226,5000,2,,,,,,,,,,,
roused-nipper,Surfer11@bmm,4886,344,6226,2500,4,,,,,,,,,,,
roused-nipper,Surfer12@bmm,4887,344,6226,5000,2,,,,,,,,,,,
roused-nipper,Surfer13@bmm,4888,344,6226,2500,4,,,,,,,,,,,
roused-nipper,Surfer14@bmm,4889,344,6226,5000,2,,,,,,,,,,,
roused-nipper,Surfer15@bmm,4890,344,6226,2500,4,,,,,,,,,,,
roused-nipper,Surfer16@bmm,4891,344,6226,5000,2,,,,,,,,,,,
roused-nipper,Surfer17@bmm,4892,344,6226,2500,4,,,,,,,,,,,
roused-nipper,Surfer18@bmm,4893,344,6226,5000,2,,,,,,,,,,,
roused-nipper,Surfer19@bmm,4894,344,6226,2500,4,,,,,,,,,,,
roused-nipper,Surfer20@bmm,4895,344,6226,5000,2,,,,,,,,,,,
roused-nipper,Surfer21@bmm,4896,344,6226,2500,4,,,,,,,,,,,
roused-nipper,Surfer22@bmm,4897,344,6226,5000,2,,,,,,,,,,,
roused-nipper,Surfer23@bmm,4942,344,6226,2500,4,,,,,,,,,,,
roused-nipper,Surfer24@bmm,4943,344,6226,5000,2,,,,,,,,,,,
roused-nipper,Surfer25@bmm,4953,344,6226,2500,4,,,,,,,,,,,
# initial holdings -- end,,,,,,,,,,,,,,,,,
,,,,,,,,,,,,,,,,,
,,,,,,,,,,,,,,,,,
,,,,,,,,,,,,,,,,,
# orders -- begin,,,,,,,,,,,,,,,,,
account,email,owner,marketplace,session,period,market,target,order,original,supplier,consumer,type,side,units,price,createdDate,lastModifiedDate
roused-nipper,Surfer18@bmm,4893,344,6226,6226,676,NULL,1008848,1008848,1008848,1008913,LIMIT,BUY,1,780,2018-08-14T01:07:58.332,2018-08-14T01:11:01.923
roused-nipper,Surfer14@bmm,4889,344,6226,6226,676,NULL,1008849,1008849,1008849,1008890,LIMIT,BUY,1,800,2018-08-14T01:08:07.781,2018-08-14T01:10:14.990
roused-nipper,Surfer14@bmm,4889,344,6226,6226,676,NULL,1008850,1008850,1008850,1008888,LIMIT,BUY,1,800,2018-08-14T01:08:09.195,2018-08-14T01:10:14.351
roused-nipper,Surfer14@bmm,4889,344,6226,6226,676,NULL,1008851,1008851,1008851,1008886,LIMIT,BUY,1,800,2018-08-14T01:08:09.439,2018-08-14T01:10:13.982
roused-nipper,Surfer14@bmm,4889,344,6226,6226,676,NULL,1008852,1008852,1008852,1008882,LIMIT,BUY,1,800,2018-08-14T01:08:09.748,2018-08-14T01:10:12.692
roused-nipper,Surfer2@bmm,4877,344,6226,6226,676,NULL,1008853,1008853,1008853,1008854,LIMIT,SELL,1,1070,2018-08-14T01:08:13.188,2018-08-14T01:08:25.061
roused-nipper,Surfer2@bmm,4877,344,6226,6226,676,NULL,1008854,1008853,1008853,1008853,CANCEL,SELL,1,1070,2018-08-14T01:08:25.057,2018-08-14T01:08:25.061
roused-nipper,Surfer2@bmm,4877,344,6226,6226,676,NULL,1008855,1008855,1008855,1008866,LIMIT,SELL,1,1440,2018-08-14T01:08:35.562,2018-08-14T01:09:17.257
roused-nipper,Surfer21@bmm,4896,344,6226,6226,676,NULL,1008856,1008856,1008856,1008861,LIMIT,BUY,1,1200,2018-08-14T01:08:36.116,2018-08-14T01:08:51.465
roused-nipper,Surfer2@bmm,4877,344,6226,6226,676,NULL,1008857,1008857,1008857,1008910,LIMIT,BUY,1,1270,2018-08-14T01:08:44.200,2018-08-14T01:10:56.588
roused-nipper,Surfer2@bmm,4877,344,6226,6226,676,NULL,1008858,1008858,1008858,1008863,LIMIT,BUY,1,1220,2018-08-14T01:08:47.456,2018-08-14T01:09:07.795
roused-nipper,Surfer21@bmm,4896,344,6226,6226,676,NULL,1008859,1008859,1008859,1008878,LIMIT,BUY,1,1270,2018-08-14T01:08:50.592,2018-08-14T01:09:55.438
roused-nipper,Surfer6@bmm,4881,344,6226,6226,676,NULL,1008860,1008860,1008860,1008891,LIMIT,SELL,1,1430,2018-08-14T01:08:51.038,2018-08-14T01:10:15.844
roused-nipper,Surfer21@bmm,4896,344,6226,6226,676,NULL,1008861,1008856,1008856,1008856,CANCEL,BUY,1,1200,2018-08-14T01:08:51.461,2018-08-14T01:08:51.465
roused-nipper,Surfer2@bmm,4877,344,6226,6226,676,NULL,1008862,1008862,1008862,1008880,LIMIT,BUY,1,1270,2018-08-14T01:09:03.713,2018-08-14T01:10:06.686
roused-nipper,Surfer2@bmm,4877,344,6226,6226,676,NULL,1008863,1008858,1008858,1008858,CANCEL,BUY,1,1220,2018-08-14T01:09:07.791,2018-08-14T01:09:07.795
roused-nipper,Surfer2@bmm,4877,344,6226,6226,676,NULL,1008864,1008864,1008864,1008897,LIMIT,BUY,1,1280,2018-08-14T01:09:08.927,2018-08-14T01:10:35.554
roused-nipper,Surfer18@bmm,4893,344,6226,6226,676,NULL,1008865,1008865,1008865,1008943,LIMIT,SELL,1,1430,2018-08-14T01:09:17.132,2018-08-14T01:11:59.456
roused-nipper,Surfer2@bmm,4877,344,6226,6226,676,NULL,1008866,1008855,1008855,1008855,CANCEL,SELL,1,1440,2018-08-14T01:09:17.253,2018-08-14T01:09:17.257
roused-nipper,Surfer18@bmm,4893,344,6226,6226,676,NULL,1008867,1008867,1008867,1008941,LIMIT,SELL,1,1430,2018-08-14T01:09:17.573,2018-08-14T01:11:59.122
roused-nipper,Surfer2@bmm,4877,344,6226,6226,676,NULL,1008868,1008868,1008868,1008877,LIMIT,SELL,1,1350,2018-08-14T01:09:23.663,2018-08-14T01:09:55.380
roused-nipper,Surfer2@bmm,4877,344,6226,6226,676,NULL,1008869,1008869,1008869,1008871,LIMIT,SELL,1,1340,2018-08-14T01:09:27.185,2018-08-14T01:09:34.514
roused-nipper,Surfer21@bmm,4896,344,6226,6226,676,NULL,1008870,1008870,1008870,1008901,LIMIT,SELL,1,1330,2018-08-14T01:09:31.175,2018-08-14T01:10:39.481
roused-nipper,Surfer2@bmm,4877,344,6226,6226,676,NULL,1008871,1008869,1008869,1008869,CANCEL,SELL,1,1340,2018-08-14T01:09:34.510,2018-08-14T01:09:34.514
roused-nipper,Surfer2@bmm,4877,344,6226,6226,676,NULL,1008872,1008872,1008872,NULL,LIMIT,SELL,1,1320,2018-08-14T01:09:36.029,2018-08-14T01:09:36.031
roused-nipper,Surfer20@bmm,4895,344,6226,6226,676,NULL,1008873,1008873,1008873,1008875,LIMIT,BUY,1,1290,2018-08-14T01:09:37.632,2018-08-14T01:09:44.764
roused-nipper,Surfer17@bmm,4892,344,6226,6226,676,NULL,1008874,1008874,1008874,1008881,LIMIT,BUY,1,1300,2018-08-14T01:09:41.571,2018-08-14T01:10:09.409
roused-nipper,Surfer20@bmm,4895,344,6226,6226,676,NULL,1008875,1008873,1008873,1008873,CANCEL,BUY,1,1290,2018-08-14T01:09:44.760,2018-08-14T01:09:44.764
roused-nipper,Surfer8@bmm,4883,344,6226,6226,676,NULL,1008876,1008876,1008876,1008894,LIMIT,SELL,1,1310,2018-08-14T01:09:50.267,2018-08-14T01:10:34.501
roused-nipper,Surfer2@bmm,4877,344,6226,6226,676,NULL,1008877,1008868,1008868,1008868,CANCEL,SELL,1,1350,2018-08-14T01:09:55.376,2018-08-14T01:09:55.379
roused-nipper,Surfer21@bmm,4896,344,6226,6226,676,NULL,1008878,1008859,1008859,1008859,CANCEL,BUY,1,1270,2018-08-14T01:09:55.434,2018-08-14T01:09:55.438
roused-nipper,Surfer2@bmm,4877,344,6226,6226,676,NULL,1008879,1008879,1008879,NULL,LIMIT,SELL,1,1310,2018-08-14T01:09:57.648,2018-08-14T01:09:57.650
roused-nipper,Surfer2@bmm,4877,344,6226,6226,676,NULL,1008880,1008862,1008862,1008862,CANCEL,BUY,1,1270,2018-08-14T01:10:06.678,2018-08-14T01:10:06.686
roused-nipper,Surfer12@bmm,4887,344,6226,6226,676,NULL,1008881,1008881,1008881,1008874,LIMIT,SELL,1,1300,2018-08-14T01:10:09.400,2018-08-14T01:10:09.409
roused-nipper,Surfer14@bmm,4889,344,6226,6226,676,NULL,1008882,1008852,1008852,1008852,CANCEL,BUY,1,800,2018-08-14T01:10:12.688,2018-08-14T01:10:12.692
roused-nipper,Surfer14@bmm,4889,344,6226,6226,676,NULL,1008883,1008852,1008852,1008883,CANCEL,BUY,1,800,2018-08-14T01:10:12.893,2018-08-14T01:10:12.897
roused-nipper,Surfer6@bmm,4881,344,6226,6226,676,NULL,1008884,1008884,1008884,1008951,LIMIT,SELL,1,1310,2018-08-14T01:10:13.297,2018-08-14T01:12:19.590
roused-nipper,Surfer2@bmm,4877,344,6226,6226,676,NULL,1008885,1008885,1008885,1008899,LIMIT,BUY,1,1280,2018-08-14T01:10:13.816,2018-08-14T01:10:36.218
roused-nipper,Surfer14@bmm,4889,344,6226,6226,676,NULL,1008886,1008851,1008851,1008851,CANCEL,BUY,1,800,2018-08-14T01:10:13.977,2018-08-14T01:10:13.981
roused-nipper,Surfer14@bmm,4889,344,6226,6226,676,NULL,1008887,1008851,1008851,1008887,CANCEL,BUY,1,800,2018-08-14T01:10:14.151,2018-08-14T01:10:14.155
roused-nipper,Surfer14@bmm,4889,344,6226,6226,676,NULL,1008888,1008850,1008850,1008850,CANCEL,BUY,1,800,2018-08-14T01:10:14.347,2018-08-14T01:10:14.351
roused-nipper,Surfer14@bmm,4889,344,6226,6226,676,NULL,1008889,1008850,1008850,1008889,CANCEL,BUY,1,800,2018-08-14T01:10:14.551,2018-08-14T01:10:14.555
roused-nipper,Surfer14@bmm,4889,344,6226,6226,676,NULL,1008890,1008849,1008849,1008849,CANCEL,BUY,1,800,2018-08-14T01:10:14.985,2018-08-14T01:10:14.989
roused-nipper,Surfer6@bmm,4881,344,6226,6226,676,NULL,1008891,1008860,1008860,1008860,CANCEL,SELL,1,1430,2018-08-14T01:10:15.839,2018-08-14T01:10:15.843
roused-nipper,Surfer6@bmm,4881,344,6226,6226,676,NULL,1008892,1008892,1008892,1008940,LIMIT,BUY,1,1280,2018-08-14T01:10:31.191,2018-08-14T01:11:58.651
roused-nipper,Surfer18@bmm,4893,344,6226,6226,676,NULL,1008893,1008893,1008893,1008895,LIMIT,BUY,1,1300,2018-08-14T01:10:32.447,2018-08-14T01:10:34.977
roused-nipper,Surfer18@bmm,4893,344,6226,6226,676,NULL,1008894,1008894,1008894,1008876,LIMIT,BUY,1,1310,2018-08-14T01:10:34.496,2018-08-14T01:10:34.501
roused-nipper,Surfer12@bmm,4887,344,6226,6226,676,NULL,1008895,1008895,1008895,1008893,LIMIT,SELL,1,1300,2018-08-14T01:10:34.971,2018-08-14T01:10:34.977
roused-nipper,Surfer14@bmm,4889,344,6226,6226,676,NULL,1008896,1008896,1008896,0,LIMIT,SELL,1,1250,2018-08-14T01:10:35.547,2018-08-14T01:10:35.554
roused-nipper,Surfer14@bmm,4889,344,6226,6226,676,NULL,1008897,1008896,1008896,1008864,LIMIT,SELL,1,1280,2018-08-14T01:10:35.552,2018-08-14T01:10:35.554
roused-nipper,Surfer14@bmm,4889,344,6226,6226,676,NULL,1008898,1008898,1008898,0,LIMIT,SELL,1,1250,2018-08-14T01:10:36.211,2018-08-14T01:10:36.217
roused-nipper,Surfer14@bmm,4889,344,6226,6226,676,NULL,1008899,1008898,1008898,1008885,LIMIT,SELL,1,1280,2018-08-14T01:10:36.215,2018-08-14T01:10:36.218
roused-nipper,Surfer5@bmm,4880,344,6226,6226,676,NULL,1008900,1008900,1008900,1009040,LIMIT,BUY,1,600,2018-08-14T01:10:38.166,2018-08-14T01:14:38.118
roused-nipper,Surfer21@bmm,4896,344,6226,6226,676,NULL,1008901,1008870,1008870,1008870,CANCEL,SELL,1,1330,2018-08-14T01:10:39.477,2018-08-14T01:10:39.480
roused-nipper,Surfer2@bmm,4877,344,6226,6226,676,NULL,1008902,1008902,1008902,NULL,LIMIT,SELL,1,1310,2018-08-14T01:10:42.250,2018-08-14T01:10:42.252
roused-nipper,Surfer2@bmm,4877,344,6226,6226,676,NULL,1008903,1008903,1008903,NULL,LIMIT,SELL,1,1310,2018-08-14T01:10:43.745,2018-08-14T01:10:43.747
roused-nipper,Surfer20@bmm,4895,344,6226,6226,676,NULL,1008904,1008904,1008904,1008944,LIMIT,BUY,1,1280,2018-08-14T01:10:43.918,2018-08-14T01:11:59.841
roused-nipper,Surfer18@bmm,4893,344,6226,6226,676,NULL,1008905,1008905,1008905,1008919,LIMIT,BUY,1,1290,2018-08-14T01:10:46.694,2018-08-14T01:11:15.065
roused-nipper,Surfer8@bmm,4883,344,6226,6226,676,NULL,1008906,1008906,1008906,1008916,LIMIT,BUY,1,1300,2018-08-14T01:10:47.093,2018-08-14T01:11:03.673
roused-nipper,Surfer21@bmm,4896,344,6226,6226,676,NULL,1008907,1008907,1008907,1008926,LIMIT,BUY,1,1290,2018-08-14T01:10:47.113,2018-08-14T01:11:33.949
roused-nipper,Surfer8@bmm,4883,344,6226,6226,676,NULL,1008908,1008908,1008908,1008909,LIMIT,BUY,1,1300,2018-08-14T01:10:47.221,2018-08-14T01:10:51.168
roused-nipper,Surfer8@bmm,4883,344,6226,6226,676,NULL,1008909,1008908,1008908,1008908,CANCEL,BUY,1,1300,2018-08-14T01:10:51.164,2018-08-14T01:10:51.167
roused-nipper,Surfer2@bmm,4877,344,6226,6226,676,NULL,1008910,1008857,1008857,1008857,CANCEL,BUY,1,1270,2018-08-14T01:10:56.584,2018-08-14T01:10:56.588
roused-nipper,Surfer2@bmm,4877,344,6226,6226,676,NULL,1008911,1008911,1008911,1008930,LIMIT,BUY,1,1290,2018-08-14T01:10:57.735,2018-08-14T01:11:37.372
roused-nipper,Surfer3@bmm,4878,344,6226,6226,676,NULL,1008912,1008912,1008912,1008929,LIMIT,BUY,1,1280,2018-08-14T01:10:58.628,2018-08-14T01:11:35.552
roused-nipper,Surfer18@bmm,4893,344,6226,6226,676,NULL,1008913,1008848,1008848,1008848,CANCEL,BUY,1,780,2018-08-14T01:11:01.919,2018-08-14T01:11:01.922
roused-nipper,Surfer18@bmm,4893,344,6226,6226,676,NULL,1008914,1008848,1008848,1008914,CANCEL,BUY,1,780,2018-08-14T01:11:02.159,2018-08-14T01:11:02.162
roused-nipper,Surfer21@bmm,4896,344,6226,6226,676,NULL,1008915,1008915,1008915,1009047,LIMIT,SELL,1,1310,2018-08-14T01:11:02.341,2018-08-14T01:14:51.509
roused-nipper,Surfer5@bmm,4880,344,6226,6226,676,NULL,1008916,1008916,1008916,1008906,LIMIT,SELL,1,1300,2018-08-14T01:11:03.668,2018-08-14T01:11:03.672
roused-nipper,Surfer8@bmm,4883,344,6226,6226,676,NULL,1008917,1008917,1008917,1008954,LIMIT,SELL,1,1310,2018-08-14T01:11:05.966,2018-08-14T01:12:23.582
roused-nipper,Surfer11@bmm,4886,344,6226,6226,676,NULL,1008918,1008918,1008918,1009061,LIMIT,BUY,1,980,2018-08-14T01:11:09.408,2018-08-14T01:15:11.596
roused-nipper,Surfer5@bmm,4880,344,6226,6226,676,NULL,1008919,1008919,1008919,1008905,LIMIT,SELL,1,1290,2018-08-14T01:11:15.060,2018-08-14T01:11:15.065
roused-nipper,Surfer14@bmm,4889,344,6226,6226,676,NULL,1008920,1008920,1008920,1008925,LIMIT,BUY,1,1300,2018-08-14T01:11:18.652,2018-08-14T01:11:32.108
roused-nipper,Surfer14@bmm,4889,344,6226,6226,676,NULL,1008921,1008921,1008921,1008923,LIMIT,BUY,1,1300,2018-08-14T01:11:19.597,2018-08-14T01:11:31.191
roused-nipper,Surfer3@bmm,4878,344,6226,6226,676,NULL,1008922,1008922,1008922,1008955,LIMIT,SELL,1,1310,2018-08-14T01:11:22.822,2018-08-14T01:12:26.800
roused-nipper,Surfer14@bmm,4889,344,6226,6226,676,NULL,1008923,1008921,1008921,1008921,CANCEL,BUY,1,1300,2018-08-14T01:11:31.187,2018-08-14T01:11:31.190
roused-nipper,Surfer14@bmm,4889,344,6226,6226,676,NULL,1008924,1008921,1008921,1008924,CANCEL,BUY,1,1300,2018-08-14T01:11:31.431,2018-08-14T01:11:31.435
roused-nipper,Surfer14@bmm,4889,344,6226,6226,676,NULL,1008925,1008920,1008920,1008920,CANCEL,BUY,1,1300,2018-08-14T01:11:32.104,2018-08-14T01:11:32.108
roused-nipper,Surfer21@bmm,4896,344,6226,6226,676,NULL,1008926,1008926,1008926,1008907,LIMIT,SELL,1,1290,2018-08-14T01:11:33.944,2018-08-14T01:11:33.949
roused-nipper,Surfer14@bmm,4889,344,6226,6226,676,NULL,1008927,1008927,1008927,1008932,LIMIT,BUY,1,1290,2018-08-14T01:11:34.782,2018-08-14T01:11:40.857
roused-nipper,Surfer14@bmm,4889,344,6226,6226,676,NULL,1008928,1008928,1008928,1008933,LIMIT,BUY,1,1290,2018-08-14T01:11:35.412,2018-08-14T01:11:41.859
roused-nipper,Surfer3@bmm,4878,344,6226,6226,676,NULL,1008929,1008912,1008912,1008912,CANCEL,BUY,1,1280,2018-08-14T01:11:35.548,2018-08-14T01:11:35.552
roused-nipper,Surfer21@bmm,4896,344,6226,6226,676,NULL,1008930,1008930,1008930,1008911,LIMIT,SELL,1,1290,2018-08-14T01:11:37.367,2018-08-14T01:11:37.372
roused-nipper,Surfer3@bmm,4878,344,6226,6226,676,NULL,1008931,1008931,1008931,1008936,LIMIT,BUY,1,1290,2018-08-14T01:11:39.778,2018-08-14T01:11:45.795
roused-nipper,Surfer5@bmm,4880,344,6226,6226,676,NULL,1008932,1008932,1008932,1008927,LIMIT,SELL,1,1290,2018-08-14T01:11:40.852,2018-08-14T01:11:40.857
roused-nipper,Surfer21@bmm,4896,344,6226,6226,676,NULL,1008933,1008933,1008933,1008928,LIMIT,SELL,1,1290,2018-08-14T01:11:41.854,2018-08-14T01:11:41.858
roused-nipper,Surfer2@bmm,4877,344,6226,6226,676,NULL,1008934,1008934,1008934,NULL,LIMIT,SELL,1,1310,2018-08-14T01:11:43.411,2018-08-14T01:11:43.413
roused-nipper,Surfer16@bmm,4891,344,6226,6226,676,NULL,1008935,1008935,1008935,1009032,LIMIT,SELL,1,1300,2018-08-14T01:11:45.320,2018-08-14T01:14:28.795
roused-nipper,Surfer21@bmm,4896,344,6226,6226,676,NULL,1008936,1008936,1008936,1008931,LIMIT,SELL,1,1290,2018-08-14T01:11:45.790,2018-08-14T01:11:45.795
roused-nipper,Surfer18@bmm,4893,344,6226,6226,676,NULL,1008937,1008937,1008937,NULL,LIMIT,SELL,1,1380,2018-08-14T01:11:53.699,2018-08-14T01:11:53.701
roused-nipper,Surfer18@bmm,4893,344,6226,6226,676,NULL,1008938,1008938,1008938,NULL,LIMIT,SELL,1,1380,2018-08-14T01:11:53.933,2018-08-14T01:11:53.936
roused-nipper,Surfer18@bmm,4893,344,6226,6226,676,NULL,1008939,1008939,1008939,NULL,LIMIT,SELL,1,1380,2018-08-14T01:11:54.170,2018-08-14T01:11:54.172
roused-nipper,Surfer19@bmm,4894,344,6226,6226,676,NULL,1008940,1008940,1008940,1008892,LIMIT,SELL,1,1280,2018-08-14T01:11:58.645,2018-08-14T01:11:58.651
roused-nipper,Surfer18@bmm,4893,344,6226,6226,676,NULL,1008941,1008867,1008867,1008867,CANCEL,SELL,1,1430,2018-08-14T01:11:59.118,2018-08-14T01:11:59.122
roused-nipper,Surfer18@bmm,4893,344,6226,6226,676,NULL,1008942,1008867,1008867,1008942,CANCEL,SELL,1,1430,2018-08-14T01:11:59.274,2018-08-14T01:11:59.278
roused-nipper,Surfer18@bmm,4893,344,6226,6226,676,NULL,1008943,1008865,1008865,1008865,CANCEL,SELL,1,1430,2018-08-14T01:11:59.452,2018-08-14T01:11:59.456
roused-nipper,Surfer19@bmm,4894,344,6226,6226,676,NULL,1008944,1008944,1008944,1008904,LIMIT,SELL,1,1280,2018-08-14T01:11:59.836,2018-08-14T01:11:59.841
roused-nipper,Surfer20@bmm,4895,344,6226,6226,676,NULL,1008945,1008945,1008945,1008952,LIMIT,BUY,1,1280,2018-08-14T01:12:05.616,2018-08-14T01:12:20.681
roused-nipper,Surfer8@bmm,4883,344,6226,6226,676,NULL,1008946,1008946,1008946,1008953,LIMIT,SELL,1,1300,2018-08-14T01:12:06.448,2018-08-14T01:12:22.977
roused-nipper,Surfer6@bmm,4881,344,6226,6226,676,NULL,1008947,1008947,1008947,1008948,LIMIT,SELL,1,1290,2018-08-14T01:12:07.478,2018-08-14T01:12:11.838
roused-nipper,Surfer21@bmm,4896,344,6226,6226,676,NULL,1008948,1008948,1008948,1008947,LIMIT,BUY,1,1290,2018-08-14T01:12:11.833,2018-08-14T01:12:11.837
roused-nipper,Surfer9@bmm,4884,344,6226,6226,676,NULL,1008949,1008949,1008949,1008978,LIMIT,BUY,1,950,2018-08-14T01:12:13.913,2018-08-14T01:13:32.048
roused-nipper,Surfer6@bmm,4881,344,6226,6226,676,NULL,1008950,1008950,1008950,1008968,LIMIT,SELL,1,1290,2018-08-14T01:12:16.318,2018-08-14T01:13:03.241
roused-nipper,Surfer6@bmm,4881,344,6226,6226,676,NULL,1008951,1008884,1008884,1008884,CANCEL,SELL,1,1310,2018-08-14T01:12:19.586,2018-08-14T01:12:19.590
roused-nipper,Surfer1@bmm,4876,344,6226,6226,676,NULL,1008952,1008952,1008952,1008945,LIMIT,SELL,1,1280,2018-08-14T01:12:20.677,2018-08-14T01:12:20.681
roused-nipper,Surfer8@bmm,4883,344,6226,6226,676,NULL,1008953,1008946,1008946,1008946,CANCEL,SELL,1,1300,2018-08-14T01:12:22.973,2018-08-14T01:12:22.977
roused-nipper,Surfer8@bmm,4883,344,6226,6226,676,NULL,1008954,1008917,1008917,1008917,CANCEL,SELL,1,1310,2018-08-14T01:12:23.578,2018-08-14T01:12:23.581
roused-nipper,Surfer3@bmm,4878,344,6226,6226,676,NULL,1008955,1008922,1008922,1008922,CANCEL,SELL,1,1310,2018-08-14T01:12:26.796,2018-08-14T01:12:26.800
roused-nipper,Surfer20@bmm,4895,344,6226,6226,676,NULL,1008956,1008956,1008956,1008990,LIMIT,SELL,1,1300,2018-08-14T01:12:28.279,2018-08-14T01:13:42.837
roused-nipper,Surfer8@bmm,4883,344,6226,6226,676,NULL,1008957,1008957,1008957,1008998,LIMIT,SELL,1,1300,2018-08-14T01:12:31.831,2018-08-14T01:13:45.596
roused-nipper,Surfer5@bmm,4880,344,6226,6226,676,NULL,1008958,1008958,1008958,1009039,LIMIT,BUY,1,620,2018-08-14T01:12:32.610,2018-08-14T01:14:36.950
roused-nipper,Surfer8@bmm,4883,344,6226,6226,676,NULL,1008959,1008959,1008959,1008996,LIMIT,SELL,1,1300,2018-08-14T01:12:33.239,2018-08-14T01:13:44.575
roused-nipper,Surfer3@bmm,4878,344,6226,6226,676,NULL,1008960,1008960,1008960,1008961,LIMIT,SELL,1,1280,2018-08-14T01:12:45.981,2018-08-14T01:12:49.157
roused-nipper,Surfer3@bmm,4878,344,6226,6226,676,NULL,1008961,1008960,1008960,1008960,CANCEL,SELL,1,1280,2018-08-14T01:12:49.153,2018-08-14T01:12:49.157
roused-nipper,Surfer18@bmm,4893,344,6226,6226,676,NULL,1008962,1008962,1008962,NULL,LIMIT,SELL,1,1380,2018-08-14T01:12:52.184,2018-08-14T01:12:52.186
roused-nipper,Surfer18@bmm,4893,344,6226,6226,676,NULL,1008963,1008963,1008963,NULL,LIMIT,SELL,1,1380,2018-08-14T01:12:52.334,2018-08-14T01:12:52.336
roused-nipper,Surfer10@bmm,4885,344,6226,6226,676,NULL,1008964,1008964,1008964,1009091,LIMIT,BUY,1,980,2018-08-14T01:12:52.397,2018-08-14T01:16:12.902
roused-nipper,Surfer9@bmm,4884,344,6226,6226,676,NULL,1008965,1008965,1008965,1009080,LIMIT,SELL,1,1280,2018-08-14T01:12:52.708,2018-08-14T01:15:47.412
roused-nipper,Surfer7@bmm,4882,344,6226,6226,676,NULL,1008966,1008966,1008966,1008972,LIMIT,SELL,1,1070,2018-08-14T01:12:55.327,2018-08-14T01:13:16.354
roused-nipper,Surfer13@bmm,4888,344,6226,6226,676,NULL,1008967,1008967,1008967,NULL,LIMIT,BUY,1,980,2018-08-14T01:13:00.895,2018-08-14T01:13:00.901
roused-nipper,Surfer6@bmm,4881,344,6226,6226,676,NULL,1008968,1008950,1008950,1008950,CANCEL,SELL,1,1290,2018-08-14T01:13:03.237,2018-08-14T01:13:03.241
roused-nipper,Surfer6@bmm,4881,344,6226,6226,676,NULL,1008969,1008969,1008969,1009016,LIMIT,SELL,1,1280,2018-08-14T01:13:05.533,2018-08-14T01:14:06.153
roused-nipper,Surfer7@bmm,4882,344,6226,6226,676,NULL,1008970,1008970,1008970,1009074,LIMIT,BUY,1,1000,2018-08-14T01:13:08.314,2018-08-14T01:15:31.055
roused-nipper,Surfer6@bmm,4881,344,6226,6226,676,NULL,1008971,1008971,1008971,1008976,LIMIT,SELL,1,1280,2018-08-14T01:13:09.352,2018-08-14T01:13:29.401
roused-nipper,Surfer21@bmm,4896,344,6226,6226,676,NULL,1008972,1008972,1008972,1008966,LIMIT,BUY,1,1070,2018-08-14T01:13:16.348,2018-08-14T01:13:16.354
roused-nipper,Surfer4@bmm,4879,344,6226,6226,676,NULL,1008973,1008973,1008973,1008982,LIMIT,BUY,1,1070,2018-08-14T01:13:17.442,2018-08-14T01:13:38.648
roused-nipper,Surfer18@bmm,4893,344,6226,6226,676,NULL,1008974,1008974,1008974,1008984,LIMIT,BUY,1,1080,2018-08-14T01:13:21.587,2018-08-14T01:13:39.537
roused-nipper,Surfer2@bmm,4877,344,6226,6226,676,NULL,1008975,1008975,1008975,1008979,LIMIT,BUY,1,1150,2018-08-14T01:13:25.539,2018-08-14T01:13:34.455
roused-nipper,Surfer6@bmm,4881,344,6226,6226,676,NULL,1008976,1008971,1008971,1008971,CANCEL,SELL,1,1280,2018-08-14T01:13:29.397,2018-08-14T01:13:29.401
roused-nipper,Surfer9@bmm,4884,344,6226,6226,676,NULL,1008977,1008977,1008977,1008988,LIMIT,BUY,1,1090,2018-08-14T01:13:30.445,2018-08-14T01:13:42.302
roused-nipper,Surfer9@bmm,4884,344,6226,6226,676,NULL,1008978,1008949,1008949,1008949,CANCEL,BUY,1,950,2018-08-14T01:13:32.043,2018-08-14T01:13:32.047
roused-nipper,Surfer21@bmm,4896,344,6226,6226,676,NULL,1008979,1008979,1008979,1008975,LIMIT,SELL,1,1150,2018-08-14T01:13:34.451,2018-08-14T01:13:34.455
roused-nipper,Surfer7@bmm,4882,344,6226,6226,676,NULL,1008980,1008980,1008980,1008983,LIMIT,SELL,1,1150,2018-08-14T01:13:35.447,2018-08-14T01:13:39.220
roused-nipper,Surfer6@bmm,4881,344,6226,6226,676,NULL,1008981,1008981,1008981,1008993,LIMIT,SELL,1,1200,2018-08-14T01:13:37.508,2018-08-14T01:13:44.140
roused-nipper,Surfer4@bmm,4879,344,6226,6226,676,NULL,1008982,1008973,1008973,1008973,CANCEL,BUY,1,1070,2018-08-14T01:13:38.644,2018-08-14T01:13:38.648
roused-nipper,Surfer21@bmm,4896,344,6226,6226,676,NULL,1008983,1008983,1008983,1008980,LIMIT,BUY,1,1150,2018-08-14T01:13:39.216,2018-08-14T01:13:39.220
roused-nipper,Surfer18@bmm,4893,344,6226,6226,676,NULL,1008984,1008974,1008974,1008974,CANCEL,BUY,1,1080,2018-08-14T01:13:39.533,2018-08-14T01:13:39.537
roused-nipper,Surfer18@bmm,4893,344,6226,6226,676,NULL,1008985,1008974,1008974,1008985,CANCEL,BUY,1,1080,2018-08-14T01:13:39.689,2018-08-14T01:13:39.693
roused-nipper,Surfer14@bmm,4889,344,6226,6226,676,NULL,1008986,1008986,1008986,1008995,LIMIT,BUY,1,1090,2018-08-14T01:13:39.747,2018-08-14T01:13:44.509
roused-nipper,Surfer20@bmm,4895,344,6226,6226,676,NULL,1008987,1008987,1008987,NULL,LIMIT,SELL,1,1290,2018-08-14T01:13:40.519,2018-08-14T01:13:40.521
roused-nipper,Surfer7@bmm,4882,344,6226,6226,676,NULL,1008988,1008988,1008988,1008977,LIMIT,SELL,1,1090,2018-08-14T01:13:42.297,2018-08-14T01:13:42.301
roused-nipper,Surfer18@bmm,4893,344,6226,6226,676,NULL,1008989,1008989,1008989,1008992,LIMIT,BUY,1,1100,2018-08-14T01:13:42.800,2018-08-14T01:13:43.446
roused-nipper,Surfer20@bmm,4895,344,6226,6226,676,NULL,1008990,1008956,1008956,1008956,CANCEL,SELL,1,1300,2018-08-14T01:13:42.833,2018-08-14T01:13:42.836
roused-nipper,Surfer13@bmm,4888,344,6226,6226,676,NULL,1008991,1008991,1008991,0,LIMIT,SELL,1,1060,2018-08-14T01:13:43.439,2018-08-14T01:13:43.445
roused-nipper,Surfer13@bmm,4888,344,6226,6226,676,NULL,1008992,1008991,1008991,1008989,LIMIT,SELL,1,1100,2018-08-14T01:13:43.443,2018-08-14T01:13:43.446
roused-nipper,Surfer21@bmm,4896,344,6226,6226,676,NULL,1008993,1008993,1008993,1008981,LIMIT,BUY,1,1200,2018-08-14T01:13:44.135,2018-08-14T01:13:44.139
roused-nipper,Surfer13@bmm,4888,344,6226,6226,676,NULL,1008994,1008994,1008994,0,LIMIT,SELL,1,1060,2018-08-14T01:13:44.502,2018-08-14T01:13:44.509
roused-nipper,Surfer13@bmm,4888,344,6226,6226,676,NULL,1008995,1008994,1008994,1008986,LIMIT,SELL,1,1090,2018-08-14T01:13:44.507,2018-08-14T01:13:44.509
roused-nipper,Surfer8@bmm,4883,344,6226,6226,676,NULL,1008996,1008959,1008959,1008959,CANCEL,SELL,1,1300,2018-08-14T01:13:44.571,2018-08-14T01:13:44.575
roused-nipper,Surfer13@bmm,4888,344,6226,6226,676,NULL,1008997,1008997,1008997,1009000,LIMIT,SELL,1,1060,2018-08-14T01:13:45.357,2018-08-14T01:13:46.219
roused-nipper,Surfer8@bmm,4883,344,6226,6226,676,NULL,1008998,1008957,1008957,1008957,CANCEL,SELL,1,1300,2018-08-14T01:13:45.592,2018-08-14T01:13:45.595
roused-nipper,Surfer14@bmm,4889,344,6226,6226,676,NULL,1008999,1008999,1008999,0,LIMIT,BUY,1,1090,2018-08-14T01:13:46.212,2018-08-14T01:13:46.219
roused-nipper,Surfer14@bmm,4889,344,6226,6226,676,NULL,1009000,1008999,1008999,1008997,LIMIT,BUY,1,1060,2018-08-14T01:13:46.217,2018-08-14T01:13:46.219
roused-nipper,Surfer13@bmm,4888,344,6226,6226,676,NULL,1009001,1009001,1009001,1009003,LIMIT,SELL,1,1060,2018-08-14T01:13:46.284,2018-08-14T01:13:46.889
roused-nipper,Surfer14@bmm,4889,344,6226,6226,676,NULL,1009002,1009002,1009002,0,LIMIT,BUY,1,1090,2018-08-14T01:13:46.882,2018-08-14T01:13:46.889
roused-nipper,Surfer14@bmm,4889,344,6226,6226,676,NULL,1009003,1009002,1009002,1009001,LIMIT,BUY,1,1060,2018-08-14T01:13:46.887,2018-08-14T01:13:46.890
roused-nipper,Surfer14@bmm,4889,344,6226,6226,676,NULL,1009004,1009004,1009004,1009011,LIMIT,BUY,1,1090,2018-08-14T01:13:48.179,2018-08-14T01:13:52.882
roused-nipper,Surfer3@bmm,4878,344,6226,6226,676,NULL,1009005,1009005,1009005,1009027,LIMIT,BUY,1,1040,2018-08-14T01:13:50.770,2018-08-14T01:14:18.816
roused-nipper,Surfer8@bmm,4883,344,6226,6226,676,NULL,1009006,1009006,1009006,1009035,LIMIT,SELL,1,1300,2018-08-14T01:13:51.821,2018-08-14T01:14:34.022
roused-nipper,Surfer4@bmm,4879,344,6226,6226,676,NULL,1009007,1009007,1009007,1009010,LIMIT,BUY,1,1150,2018-08-14T01:13:52.022,2018-08-14T01:13:52.190
roused-nipper,Surfer8@bmm,4883,344,6226,6226,676,NULL,1009008,1009008,1009008,1009034,LIMIT,SELL,1,1300,2018-08-14T01:13:52.065,2018-08-14T01:14:33.333
roused-nipper,Surfer7@bmm,4882,344,6226,6226,676,NULL,1009009,1009009,1009009,0,LIMIT,SELL,1,1090,2018-08-14T01:13:52.183,2018-08-14T01:13:52.190
roused-nipper,Surfer7@bmm,4882,344,6226,6226,676,NULL,1009010,1009009,1009009,1009007,LIMIT,SELL,1,1150,2018-08-14T01:13:52.188,2018-08-14T01:13:52.190
roused-nipper,Surfer1@bmm,4876,344,6226,6226,676,NULL,1009011,1009011,1009011,1009004,LIMIT,SELL,1,1090,2018-08-14T01:13:52.877,2018-08-14T01:13:52.882
roused-nipper,Surfer16@bmm,4891,344,6226,6226,676,NULL,1009012,1009012,1009012,1009013,LIMIT,BUY,1,1250,2018-08-14T01:13:58.036,2018-08-14T01:13:59.760
roused-nipper,Surfer16@bmm,4891,344,6226,6226,676,NULL,1009013,1009012,1009012,1009012,CANCEL,BUY,1,1250,2018-08-14T01:13:59.756,2018-08-14T01:13:59.760
roused-nipper,Surfer21@bmm,4896,344,6226,6226,676,NULL,1009014,1009014,1009014,1009048,LIMIT,SELL,1,1250,2018-08-14T01:14:02.584,2018-08-14T01:14:52.391
roused-nipper,Surfer16@bmm,4891,344,6226,6226,676,NULL,1009015,1009015,1009015,1009043,LIMIT,SELL,1,1250,2018-08-14T01:14:05.227,2018-08-14T01:14:46.296
roused-nipper,Surfer6@bmm,4881,344,6226,6226,676,NULL,1009016,1008969,1008969,1008969,CANCEL,SELL,1,1280,2018-08-14T01:14:06.148,2018-08-14T01:14:06.153
roused-nipper,Surfer14@bmm,4889,344,6226,6226,676,NULL,1009017,1009017,1009017,1009020,LIMIT,SELL,1,1150,2018-08-14T01:14:07.090,2018-08-14T01:14:09.581
roused-nipper,Surfer18@bmm,4893,344,6226,6226,676,NULL,1009018,1009018,1009018,NULL,LIMIT,SELL,1,1380,2018-08-14T01:14:09.215,2018-08-14T01:14:09.217
roused-nipper,Surfer14@bmm,4889,344,6226,6226,676,NULL,1009019,1009019,1009019,1009025,LIMIT,SELL,1,1150,2018-08-14T01:14:09.226,2018-08-14T01:14:15.399
roused-nipper,Surfer4@bmm,4879,344,6226,6226,676,NULL,1009020,1009020,1009020,1009017,LIMIT,BUY,1,1150,2018-08-14T01:14:09.574,2018-08-14T01:14:09.581
roused-nipper,Surfer14@bmm,4889,344,6226,6226,676,NULL,1009021,1009021,1009021,1009030,LIMIT,SELL,1,1150,2018-08-14T01:14:10.042,2018-08-14T01:14:20.987
roused-nipper,Surfer14@bmm,4889,344,6226,6226,676,NULL,1009022,1009022,1009022,1009113,LIMIT,SELL,1,1150,2018-08-14T01:14:11.140,2018-08-14T01:16:57.109
roused-nipper,Surfer7@bmm,4882,344,6226,6226,676,NULL,1009023,1009023,1009023,NULL,LIMIT,BUY,1,1020,2018-08-14T01:14:11.287,2018-08-14T01:14:11.289
roused-nipper,Surfer14@bmm,4889,344,6226,6226,676,NULL,1009024,1009024,1009024,NULL,LIMIT,SELL,1,1150,2018-08-14T01:14:12.185,2018-08-14T01:14:12.187
roused-nipper,Surfer4@bmm,4879,344,6226,6226,676,NULL,1009025,1009025,1009025,1009019,LIMIT,BUY,1,1150,2018-08-14T01:14:15.393,2018-08-14T01:14:15.398
roused-nipper,Surfer9@bmm,4884,344,6226,6226,676,NULL,1009026,1009026,1009026,1009055,LIMIT,BUY,1,1020,2018-08-14T01:14:17.237,2018-08-14T01:15:01.236
roused-nipper,Surfer5@bmm,4880,344,6226,6226,676,NULL,1009027,1009027,1009027,1009005,LIMIT,SELL,1,1040,2018-08-14T01:14:18.811,2018-08-14T01:14:18.816
roused-nipper,Surfer14@bmm,4889,344,6226,6226,676,NULL,1009028,1009028,1009028,NULL,LIMIT,SELL,1,1150,2018-08-14T01:14:19.026,2018-08-14T01:14:19.028
roused-nipper,Surfer17@bmm,4892,344,6226,6226,676,NULL,1009029,1009029,1009029,1009125,LIMIT,BUY,1,1050,2018-08-14T01:14:20.553,2018-08-14T01:17:36.888
roused-nipper,Surfer4@bmm,4879,344,6226,6226,676,NULL,1009030,1009030,1009030,1009021,LIMIT,BUY,1,1150,2018-08-14T01:14:20.982,2018-08-14T01:14:20.987
roused-nipper,Surfer6@bmm,4881,344,6226,6226,676,NULL,1009031,1009031,1009031,1009075,LIMIT,SELL,1,1230,2018-08-14T01:14:26.993,2018-08-14T01:15:32.534
roused-nipper,Surfer16@bmm,4891,344,6226,6226,676,NULL,1009032,1008935,1008935,1008935,CANCEL,SELL,1,1300,2018-08-14T01:14:28.791,2018-08-14T01:14:28.795
roused-nipper,Surfer17@bmm,4892,344,6226,6226,676,NULL,1009033,1009033,1009033,1009117,LIMIT,SELL,1,1200,2018-08-14T01:14:32.153,2018-08-14T01:17:14.650
roused-nipper,Surfer8@bmm,4883,344,6226,6226,676,NULL,1009034,1009008,1009008,1009008,CANCEL,SELL,1,1300,2018-08-14T01:14:33.323,2018-08-14T01:14:33.333
roused-nipper,Surfer8@bmm,4883,344,6226,6226,676,NULL,1009035,1009006,1009006,1009006,CANCEL,SELL,1,1300,2018-08-14T01:14:34.018,2018-08-14T01:14:34.022
roused-nipper,Surfer14@bmm,4889,344,6226,6226,676,NULL,1009036,1009036,1009036,1009041,LIMIT,BUY,1,1060,2018-08-14T01:14:34.779,2018-08-14T01:14:39.540
roused-nipper,Surfer14@bmm,4889,344,6226,6226,676,NULL,1009037,1009037,1009037,1009084,LIMIT,BUY,1,1060,2018-08-14T01:14:35.106,2018-08-14T01:16:01.754
roused-nipper,Surfer14@bmm,4889,344,6226,6226,676,NULL,1009038,1009038,1009038,1009054,LIMIT,BUY,1,1060,2018-08-14T01:14:36.149,2018-08-14T01:15:01.122
roused-nipper,Surfer5@bmm,4880,344,6226,6226,676,NULL,1009039,1008958,1008958,1008958,CANCEL,BUY,1,620,2018-08-14T01:14:36.944,2018-08-14T01:14:36.949
roused-nipper,Surfer5@bmm,4880,344,6226,6226,676,NULL,1009040,1008900,1008900,1008900,CANCEL,BUY,1,600,2018-08-14T01:14:38.097,2018-08-14T01:14:38.118
roused-nipper,Surfer1@bmm,4876,344,6226,6226,676,NULL,1009041,1009041,1009041,1009036,LIMIT,SELL,1,1060,2018-08-14T01:14:39.535,2018-08-14T01:14:39.539
roused-nipper,Surfer16@bmm,4891,344,6226,6226,676,NULL,1009042,1009042,1009042,1009045,LIMIT,SELL,1,1100,2018-08-14T01:14:44.821,2018-08-14T01:14:47.913
roused-nipper,Surfer16@bmm,4891,344,6226,6226,676,NULL,1009043,1009015,1009015,1009015,CANCEL,SELL,1,1250,2018-08-14T01:14:46.292,2018-08-14T01:14:46.295
roused-nipper,Surfer5@bmm,4880,344,6226,6226,676,NULL,1009044,1009044,1009044,0,LIMIT,BUY,1,1150,2018-08-14T01:14:47.907,2018-08-14T01:14:47.913
roused-nipper,Surfer5@bmm,4880,344,6226,6226,676,NULL,1009045,1009044,1009044,1009042,LIMIT,BUY,1,1100,2018-08-14T01:14:47.911,2018-08-14T01:14:47.913
roused-nipper,Surfer9@bmm,4884,344,6226,6226,676,NULL,1009046,1009046,1009046,1009107,LIMIT,SELL,1,1250,2018-08-14T01:14:50.729,2018-08-14T01:16:42.764
roused-nipper,Surfer21@bmm,4896,344,6226,6226,676,NULL,1009047,1008915,1008915,1008915,CANCEL,SELL,1,1310,2018-08-14T01:14:51.505,2018-08-14T01:14:51.509
roused-nipper,Surfer21@bmm,4896,344,6226,6226,676,NULL,1009048,1009014,1009014,1009014,CANCEL,SELL,1,1250,2018-08-14T01:14:52.387,2018-08-14T01:14:52.391
roused-nipper,Surfer12@bmm,4887,344,6226,6226,676,NULL,1009049,1009049,1009049,1009051,LIMIT,BUY,3,1100,2018-08-14T01:14:53.447,2018-08-14T01:14:57.339
roused-nipper,Surfer16@bmm,4891,344,6226,6226,676,NULL,1009050,1009050,1009050,1009053,LIMIT,BUY,1,1100,2018-08-14T01:14:55.799,2018-08-14T01:15:01.108
roused-nipper,Surfer12@bmm,4887,344,6226,6226,676,NULL,1009051,1009049,1009049,1009049,CANCEL,BUY,3,1100,2018-08-14T01:14:57.335,2018-08-14T01:14:57.339
roused-nipper,Surfer8@bmm,4883,344,6226,6226,676,NULL,1009052,1009052,1009052,1009059,LIMIT,SELL,1,1130,2018-08-14T01:14:57.791,2018-08-14T01:15:06.179
roused-nipper,Surfer1@bmm,4876,344,6226,6226,676,NULL,1009053,1009053,1009053,1009050,LIMIT,SELL,1,1100,2018-08-14T01:15:01.103,2018-08-14T01:15:01.108
roused-nipper,Surfer14@bmm,4889,344,6226,6226,676,NULL,1009054,1009038,1009038,1009038,CANCEL,BUY,1,1060,2018-08-14T01:15:01.117,2018-08-14T01:15:01.122
roused-nipper,Surfer9@bmm,4884,344,6226,6226,676,NULL,1009055,1009026,1009026,1009026,CANCEL,BUY,1,1020,2018-08-14T01:15:01.231,2018-08-14T01:15:01.235
roused-nipper,Surfer8@bmm,4883,344,6226,6226,676,NULL,1009056,1009056,1009056,1009063,LIMIT,SELL,1,1140,2018-08-14T01:15:01.563,2018-08-14T01:15:11.703
roused-nipper,Surfer14@bmm,4889,344,6226,6226,676,NULL,1009057,1009057,1009057,1009083,LIMIT,BUY,1,1060,2018-08-14T01:15:04.517,2018-08-14T01:16:01.051
roused-nipper,Surfer12@bmm,4887,344,6226,6226,676,NULL,1009058,1009058,1009058,0,LIMIT,BUY,3,1130,2018-08-14T01:15:06.168,2018-08-14T01:15:06.179
roused-nipper,Surfer12@bmm,4887,344,6226,6226,676,NULL,1009059,1009058,1009058,1009052,LIMIT,BUY,1,1130,2018-08-14T01:15:06.174,2018-08-14T01:15:06.180
roused-nipper,Surfer12@bmm,4887,344,6226,6226,676,NULL,1009060,1009058,1009058,1009078,LIMIT,BUY,2,1130,2018-08-14T01:15:06.168,2018-08-14T01:15:46.992
roused-nipper,Surfer11@bmm,4886,344,6226,6226,676,NULL,1009061,1008918,1008918,1008918,CANCEL,BUY,1,980,2018-08-14T01:15:11.591,2018-08-14T01:15:11.595
roused-nipper,Surfer12@bmm,4887,344,6226,6226,676,NULL,1009062,1009062,1009062,0,LIMIT,BUY,3,1140,2018-08-14T01:15:11.694,2018-08-14T01:15:11.703
roused-nipper,Surfer12@bmm,4887,344,6226,6226,676,NULL,1009063,1009062,1009062,1009056,LIMIT,BUY,1,1140,2018-08-14T01:15:11.699,2018-08-14T01:15:11.704
roused-nipper,Surfer12@bmm,4887,344,6226,6226,676,NULL,1009064,1009062,1009062,0,LIMIT,BUY,2,1140,2018-08-14T01:15:11.694,2018-08-14T01:15:14.077
roused-nipper,Surfer16@bmm,4891,344,6226,6226,676,NULL,1009065,1009065,1009065,1009066,LIMIT,SELL,1,1140,2018-08-14T01:15:14.069,2018-08-14T01:15:14.077
roused-nipper,Surfer12@bmm,4887,344,6226,6226,676,NULL,1009066,1009062,1009064,1009065,LIMIT,BUY,1,1140,2018-08-14T01:15:14.074,2018-08-14T01:15:14.078
roused-nipper,Surfer12@bmm,4887,344,6226,6226,676,NULL,1009067,1009062,1009064,1009069,LIMIT,BUY,1,1140,2018-08-14T01:15:11.694,2018-08-14T01:15:23.293
roused-nipper,Surfer17@bmm,4892,344,6226,6226,676,NULL,1009068,1009068,1009068,1009123,LIMIT,SELL,1,1150,2018-08-14T01:15:22.185,2018-08-14T01:17:35.935
roused-nipper,Surfer15@bmm,4890,344,6226,6226,676,NULL,1009069,1009069,1009069,1009067,LIMIT,SELL,1,1140,2018-08-14T01:15:23.286,2018-08-14T01:15:23.293
roused-nipper,Surfer8@bmm,4883,344,6226,6226,676,NULL,1009070,1009070,1009070,1009110,LIMIT,BUY,1,1120,2018-08-14T01:15:24.564,2018-08-14T01:16:52.181
roused-nipper,Surfer16@bmm,4891,344,6226,6226,676,NULL,1009071,1009071,1009071,1009093,LIMIT,BUY,1,1130,2018-08-14T01:15:27.003,2018-08-14T01:16:16.625
roused-nipper,Surfer7@bmm,4882,344,6226,6226,676,NULL,1009072,1009072,1009072,NULL,LIMIT,BUY,1,1040,2018-08-14T01:15:28.129,2018-08-14T01:15:28.131
roused-nipper,Surfer9@bmm,4884,344,6226,6226,676,NULL,1009073,1009073,1009073,1009076,LIMIT,BUY,1,1140,2018-08-14T01:15:28.483,2018-08-14T01:15:35.529
roused-nipper,Surfer7@bmm,4882,344,6226,6226,676,NULL,1009074,1008970,1008970,1008970,CANCEL,BUY,1,1000,2018-08-14T01:15:31.051,2018-08-14T01:15:31.054
roused-nipper,Surfer6@bmm,4881,344,6226,6226,676,NULL,1009075,1009031,1009031,1009031,CANCEL,SELL,1,1230,2018-08-14T01:15:32.530,2018-08-14T01:15:32.534
roused-nipper,Surfer15@bmm,4890,344,6226,6226,676,NULL,1009076,1009076,1009076,1009073,LIMIT,SELL,1,1140,2018-08-14T01:15:35.524,2018-08-14T01:15:35.529
roused-nipper,Surfer6@bmm,4881,344,6226,6226,676,NULL,1009077,1009077,1009077,1009097,LIMIT,SELL,1,1300,2018-08-14T01:15:39.709,2018-08-14T01:16:32.887
roused-nipper,Surfer12@bmm,4887,344,6226,6226,676,NULL,1009078,1009058,1009058,1009060,CANCEL,BUY,2,1130,2018-08-14T01:15:46.988,2018-08-14T01:15:46.992
roused-nipper,Surfer12@bmm,4887,344,6226,6226,676,NULL,1009079,1009058,1009058,1009079,CANCEL,BUY,3,1130,2018-08-14T01:15:47.323,2018-08-14T01:15:47.327
roused-nipper,Surfer9@bmm,4884,344,6226,6226,676,NULL,1009080,1008965,1008965,1008965,CANCEL,SELL,1,1280,2018-08-14T01:15:47.408,2018-08-14T01:15:47.412
roused-nipper,Surfer11@bmm,4886,344,6226,6226,676,NULL,1009081,1009081,1009081,1009088,LIMIT,SELL,1,1140,2018-08-14T01:15:49.350,2018-08-14T01:16:12.498
roused-nipper,Surfer17@bmm,4892,344,6226,6226,676,NULL,1009082,1009082,1009082,1009089,LIMIT,SELL,1,1140,2018-08-14T01:15:57.488,2018-08-14T01:16:12.498
roused-nipper,Surfer14@bmm,4889,344,6226,6226,676,NULL,1009083,1009057,1009057,1009057,CANCEL,BUY,1,1060,2018-08-14T01:16:01.047,2018-08-14T01:16:01.050
roused-nipper,Surfer14@bmm,4889,344,6226,6226,676,NULL,1009084,1009037,1009037,1009037,CANCEL,BUY,1,1060,2018-08-14T01:16:01.747,2018-08-14T01:16:01.753
roused-nipper,Surfer14@bmm,4889,344,6226,6226,676,NULL,1009085,1009085,1009085,1009092,LIMIT,BUY,1,1110,2018-08-14T01:16:08.757,2018-08-14T01:16:12.986
roused-nipper,Surfer14@bmm,4889,344,6226,6226,676,NULL,1009086,1009086,1009086,1009090,LIMIT,BUY,1,1110,2018-08-14T01:16:09.033,2018-08-14T01:16:12.628
roused-nipper,Surfer12@bmm,4887,344,6226,6226,676,NULL,1009087,1009087,1009087,0,LIMIT,BUY,2,1140,2018-08-14T01:16:12.489,2018-08-14T01:16:12.498
roused-nipper,Surfer12@bmm,4887,344,6226,6226,676,NULL,1009088,1009087,1009087,1009081,LIMIT,BUY,1,1140,2018-08-14T01:16:12.493,2018-08-14T01:16:12.498
roused-nipper,Surfer12@bmm,4887,344,6226,6226,676,NULL,1009089,1009087,1009087,1009082,LIMIT,BUY,1,1140,2018-08-14T01:16:12.496,2018-08-14T01:16:12.498
roused-nipper,Surfer14@bmm,4889,344,6226,6226,676,NULL,1009090,1009086,1009086,1009086,CANCEL,BUY,1,1110,2018-08-14T01:16:12.623,2018-08-14T01:16:12.627
roused-nipper,Surfer10@bmm,4885,344,6226,6226,676,NULL,1009091,1008964,1008964,1008964,CANCEL,BUY,1,980,2018-08-14T01:16:12.898,2018-08-14T01:16:12.902
roused-nipper,Surfer14@bmm,4889,344,6226,6226,676,NULL,1009092,1009085,1009085,1009085,CANCEL,BUY,1,1110,2018-08-14T01:16:12.982,2018-08-14T01:16:12.986
roused-nipper,Surfer15@bmm,4890,344,6226,6226,676,NULL,1009093,1009093,1009093,1009071,LIMIT,SELL,1,1130,2018-08-14T01:16:16.620,2018-08-14T01:16:16.625
roused-nipper,Surfer3@bmm,4878,344,6226,6226,676,NULL,1009094,1009094,1009094,1009099,LIMIT,SELL,1,1160,2018-08-14T01:16:27.323,2018-08-14T01:16:36.155
roused-nipper,Surfer14@bmm,4889,344,6226,6226,676,NULL,1009095,1009095,1009095,1009103,LIMIT,BUY,1,1140,2018-08-14T01:16:28.787,2018-08-14T01:16:38.521
roused-nipper,Surfer14@bmm,4889,344,6226,6226,676,NULL,1009096,1009096,1009096,1009114,LIMIT,BUY,1,1140,2018-08-14T01:16:29.571,2018-08-14T01:17:07.125
roused-nipper,Surfer6@bmm,4881,344,6226,6226,676,NULL,1009097,1009077,1009077,1009077,CANCEL,SELL,1,1300,2018-08-14T01:16:32.883,2018-08-14T01:16:32.887
roused-nipper,Surfer16@bmm,4891,344,6226,6226,676,NULL,1009098,1009098,1009098,NULL,LIMIT,SELL,1,1150,2018-08-14T01:16:35.796,2018-08-14T01:16:35.797
roused-nipper,Surfer3@bmm,4878,344,6226,6226,676,NULL,1009099,1009094,1009094,1009094,CANCEL,SELL,1,1160,2018-08-14T01:16:36.151,2018-08-14T01:16:36.154
roused-nipper,Surfer17@bmm,4892,344,6226,6226,676,NULL,1009100,1009100,1009100,1009105,LIMIT,BUY,1,1100,2018-08-14T01:16:37.624,2018-08-14T01:16:41.457
roused-nipper,Surfer3@bmm,4878,344,6226,6226,676,NULL,1009101,1009101,1009101,1009122,LIMIT,SELL,1,1150,2018-08-14T01:16:38.072,2018-08-14T01:17:35.764
roused-nipper,Surfer6@bmm,4881,344,6226,6226,676,NULL,1009102,1009102,1009102,0,LIMIT,SELL,1,1130,2018-08-14T01:16:38.515,2018-08-14T01:16:38.521
roused-nipper,Surfer6@bmm,4881,344,6226,6226,676,NULL,1009103,1009102,1009102,1009095,LIMIT,SELL,1,1140,2018-08-14T01:16:38.519,2018-08-14T01:16:38.521
roused-nipper,Surfer9@bmm,4884,344,6226,6226,676,NULL,1009104,1009104,1009104,1009108,LIMIT,SELL,1,1150,2018-08-14T01:16:40.213,2018-08-14T01:16:46.805
roused-nipper,Surfer17@bmm,4892,344,6226,6226,676,NULL,1009105,1009100,1009100,1009100,CANCEL,BUY,1,1100,2018-08-14T01:16:41.452,2018-08-14T01:16:41.457
roused-nipper,Surfer2@bmm,4877,344,6226,6226,676,NULL,1009106,1009106,1009106,NULL,LIMIT,SELL,1,1300,2018-08-14T01:16:42.355,2018-08-14T01:16:42.357
roused-nipper,Surfer9@bmm,4884,344,6226,6226,676,NULL,1009107,1009046,1009046,1009046,CANCEL,SELL,1,1250,2018-08-14T01:16:42.760,2018-08-14T01:16:42.764
roused-nipper,Surfer9@bmm,4884,344,6226,6226,676,NULL,1009108,1009104,1009104,1009104,CANCEL,SELL,1,1150,2018-08-14T01:16:46.802,2018-08-14T01:16:46.805
roused-nipper,Surfer9@bmm,4884,344,6226,6226,676,NULL,1009109,1009109,1009109,NULL,LIMIT,SELL,1,1160,2018-08-14T01:16:50.346,2018-08-14T01:16:50.348
roused-nipper,Surfer8@bmm,4883,344,6226,6226,676,NULL,1009110,1009070,1009070,1009070,CANCEL,BUY,1,1120,2018-08-14T01:16:52.178,2018-08-14T01:16:52.181
roused-nipper,Surfer6@bmm,4881,344,6226,6226,676,NULL,1009111,1009111,1009111,1009119,LIMIT,BUY,1,1060,2018-08-14T01:16:53.733,2018-08-14T01:17:27.325
roused-nipper,Surfer8@bmm,4883,344,6226,6226,676,NULL,1009112,1009112,1009112,1009116,LIMIT,BUY,1,1130,2018-08-14T01:16:55.627,2018-08-14T01:17:11.981
roused-nipper,Surfer21@bmm,4896,344,6226,6226,676,NULL,1009113,1009113,1009113,1009022,LIMIT,BUY,1,1150,2018-08-14T01:16:57.102,2018-08-14T01:16:57.109
roused-nipper,Surfer17@bmm,4892,344,6226,6226,676,NULL,1009114,1009114,1009114,1009096,LIMIT,SELL,1,1140,2018-08-14T01:17:07.119,2018-08-14T01:17:07.125
roused-nipper,Surfer14@bmm,4889,344,6226,6226,676,NULL,1009115,1009115,1009115,1009118,LIMIT,BUY,1,1140,2018-08-14T01:17:11.909,2018-08-14T01:17:26.035
roused-nipper,Surfer8@bmm,4883,344,6226,6226,676,NULL,1009116,1009112,1009112,1009112,CANCEL,BUY,1,1130,2018-08-14T01:17:11.977,2018-08-14T01:17:11.981
roused-nipper,Surfer17@bmm,4892,344,6226,6226,676,NULL,1009117,1009033,1009033,1009033,CANCEL,SELL,1,1200,2018-08-14T01:17:14.646,2018-08-14T01:17:14.650
roused-nipper,Surfer17@bmm,4892,344,6226,6226,676,NULL,1009118,1009118,1009118,1009115,LIMIT,SELL,1,1140,2018-08-14T01:17:26.029,2018-08-14T01:17:26.035
roused-nipper,Surfer6@bmm,4881,344,6226,6226,676,NULL,1009119,1009111,1009111,1009111,CANCEL,BUY,1,1060,2018-08-14T01:17:27.321,2018-08-14T01:17:27.325
roused-nipper,Surfer17@bmm,4892,344,6226,6226,676,NULL,1009121,1009121,1009121,1009126,LIMIT,SELL,1,1140,2018-08-14T01:17:34.381,2018-08-14T01:17:37.527
roused-nipper,Surfer3@bmm,4878,344,6226,6226,676,NULL,1009122,1009101,1009101,1009101,CANCEL,SELL,1,1150,2018-08-14T01:17:35.760,2018-08-14T01:17:35.764
roused-nipper,Surfer17@bmm,4892,344,6226,6226,676,NULL,1009123,1009068,1009068,1009068,CANCEL,SELL,1,1150,2018-08-14T01:17:35.931,2018-08-14T01:17:35.935
roused-nipper,Surfer17@bmm,4892,344,6226,6226,676,NULL,1009125,1009029,1009029,1009029,CANCEL,BUY,1,1050,2018-08-14T01:17:36.884,2018-08-14T01:17:36.888
roused-nipper,Surfer17@bmm,4892,344,6226,6226,676,NULL,1009126,1009121,1009121,1009121,CANCEL,SELL,1,1140,2018-08-14T01:17:37.523,2018-08-14T01:17:37.527
roused-nipper,Surfer11@bmm,4886,344,6226,6226,676,NULL,1009127,1009127,1009127,NULL,LIMIT,SELL,1,1140,2018-08-14T01:17:45.837,2018-08-14T01:17:45.839
roused-nipper,Surfer7@bmm,4882,344,6226,6226,676,NULL,1009128,1009128,1009128,NULL,LIMIT,BUY,1,1050,2018-08-14T01:17:51.851,2018-08-14T01:17:51.853
# orders -- end,,,,,,,,,,,,,,,,,
,,,,,,,,,,,,,,,,,
,,,,,,,,,,,,,,,,,
,,,,,,,,,,,,,,,,,
# final holdings -- begin,,,,,,,,,,,,,,,,,
account,email,owner,marketplace,session,cash,Share,Shares?,Cash?,Shares + Cash?,Collated,,,,,,,
roused-nipper,Surfer1@bmm,4876,344,6226,7030,0,0,2,0,2,,,,,,,
roused-nipper,Surfer2@bmm,4877,344,6226,0,6,1,0,0,1,,,,,,,
roused-nipper,Surfer3@bmm,4878,344,6226,170,6,0,0,3,3,,,,,,,
roused-nipper,Surfer4@bmm,4879,344,6226,400,6,0,0,3,3,,,,,,,
roused-nipper,Surfer5@bmm,4880,344,6226,6320,1,0,0,3,3,,,,,,,
roused-nipper,Surfer6@bmm,4881,344,6226,7350,0,0,2,0,2,,,,,,,
roused-nipper,Surfer7@bmm,4882,344,6226,6960,0,0,2,0,2,,,,,,,
roused-nipper,Surfer8@bmm,4883,344,6226,7280,0,0,2,0,2,,,,,,,
roused-nipper,Surfer9@bmm,4884,344,6226,270,6,0,0,3,3,,,,,,,
roused-nipper,Surfer10@bmm,4885,344,6226,5000,2,0,0,3,3,,,,,,,
roused-nipper,Surfer11@bmm,4886,344,6226,3640,3,0,0,3,3,,,,,,,
roused-nipper,Surfer12@bmm,4887,344,6226,770,6,0,0,3,3,,,,,,,
roused-nipper,Surfer13@bmm,4888,344,6226,6810,0,0,2,0,2,,,,,,,
roused-nipper,Surfer14@bmm,4889,344,6226,800,6,0,0,3,3,,,,,,,
roused-nipper,Surfer15@bmm,4890,344,6226,5910,1,0,0,3,3,,,,,,,
roused-nipper,Surfer16@bmm,4891,344,6226,5010,2,0,0,3,3,,,,,,,
roused-nipper,Surfer17@bmm,4892,344,6226,4620,2,0,0,3,3,,,,,,,
roused-nipper,Surfer18@bmm,4893,344,6226,0,6,1,0,0,1,,,,,,,
roused-nipper,Surfer19@bmm,4894,344,6226,5060,2,0,0,3,3,,,,,,,
roused-nipper,Surfer20@bmm,4895,344,6226,2440,4,0,0,3,3,,,,,,,
roused-nipper,Surfer21@bmm,4896,344,6226,1660,5,0,0,3,3,,,,,,,
roused-nipper,Surfer22@bmm,4897,344,6226,5000,2,0,0,3,3,,,,,,,
roused-nipper,Surfer23@bmm,4942,344,6226,2500,4,0,0,3,3,,,,,,,
roused-nipper,Surfer24@bmm,4943,344,6226,5000,2,0,0,3,3,,,,,,,
roused-nipper,Surfer25@bmm,4953,344,6226,2500,4,0,0,3,3,,,,,,,
# final holdings -- end,,,,,,,,,,,,,,,,,
